run_id,acf_returns_1,acf_abs_returns_1,acf_squared_returns_1,return_kurtosis,return_skewness,return_p01,return_p05,return_p95,return_p99,extreme_negative_1pct,extreme_negative_5pct,liquidation_concentration_top10,corr_liq_negative_return,corr_margin_negative_return
0,0.025265524884461675,0.02885135057105563,0.01980002160152464,-0.05870454649988677,0.045021781966650035,-0.06737171217621744,-0.04816771955536066,0.05223764811250198,0.07279275197175158,0.01,0.05,1.0,0.1158861567957771,0.11755937871738091
1,0.04120119573878772,0.030152728027958573,0.012747244861497644,-0.08892514381287597,0.1476345595859468,-0.05936227031076654,-0.04585181936341457,0.05355339717721365,0.06864708183780396,0.01,0.05,1.0,0.11939966334992773,0.11939231905774375
2,0.01270862123297087,0.022484187406292815,0.021441537478937886,-0.21414110179363277,0.12728003629344814,-0.06968300116456244,-0.049897090939914124,0.058485321699223984,0.07253558997546584,0.01,0.05,1.0000000000000002,0.23515782450001255,0.186018933364566
3,0.00563276219933567,-0.037882114798181654,-0.059261257635232906,-0.18835607112129926,0.18679638593303358,-0.0591211664589757,-0.045630799870014234,0.046993688562301135,0.07263307097565601,0.01,0.05,1.0,0.18512940233517355,0.18274069006379795
4,0.1019962088062599,0.028822052125179135,0.11756664670489389,0.03013262896192881,0.09162731911601846,-0.06862832768946507,-0.05028158912842623,0.0494480533669187,0.07415795674553612,0.01,0.05,1.0,0.29885465386410776,0.19820488904010983
5,-0.017640180096524283,0.013073047437391964,-0.0032716645673863,-0.31308980831632605,0.059757887111481715,-0.06427139572496461,-0.048764947473071224,0.04956336319036823,0.07061007138039305,0.01,0.05,1.0,0.09310806503701066,0.09061914921789697
6,-0.08534189587613213,-0.011473703408655446,-0.026724605765062606,-0.42798801902726913,0.005938622719764928,-0.0635502278634952,-0.04690701022613674,0.04996436627342802,0.0656054471639167,0.01,0.05,1.0,0.1286991240421602,0.13803476162849032
7,0.07854888140572677,-0.0188709914314275,0.008953385611980176,-0.05503802217108156,-0.05325574282549226,-0.06973781844843897,-0.05368771307932173,0.046349575678685605,0.06540466959481088,0.01,0.05,0.9604131066483461,0.4263015517527231,0.3929639126218631
8,0.07352573660188545,-0.03583283837887515,-0.02903281960147025,0.0016633909106564815,-0.08356230245915376,-0.0692980264748896,-0.04786618214936821,0.05256929860605436,0.07291186793729533,0.01,0.05,0.0,,
9,0.061434347259283,-0.011829034336314893,-0.02969260240402806,-0.017568004113833968,-0.002268836060936319,-0.07216867741047447,-0.050719204267286586,0.04802602084276525,0.07221857165849634,0.01,0.05,0.956000899195157,0.37753786803002587,0.3177151857126119
10,-0.03858516195501117,0.019585639850793368,0.036105836423215056,-0.25635016198306015,-0.035104640964631756,-0.07039308983502597,-0.05111361099538683,0.050763172599971575,0.0722387694009459,0.01,0.05,1.0000000000000002,0.31171186738383927,0.2522983472255558
11,0.054158325975002655,0.02797392953299419,0.03135472117668157,-0.4169583322554433,-0.049451602368059074,-0.05952680737615776,-0.04919588489712225,0.049894594077770915,0.06620218618777451,0.01,0.05,1.0000000000000002,0.08967672344712922,0.09528826646390783
12,0.06049680634906647,-0.06939511560993517,-0.059884279084817416,-0.3986214651401756,0.06993060992297159,-0.06764688934143195,-0.04861594277568844,0.04666776642358917,0.06517108990263765,0.01,0.05,0.9995704565757726,0.3663861300774606,0.32838873567415433
13,0.02050158136844897,-0.04367649851683685,-0.04273549359071937,-0.1628314478571431,-0.030093093158220164,-0.06718866912931505,-0.048065460219064715,0.04871847823035393,0.06329918280702822,0.01,0.05,0.9999999999999999,0.24874150947373702,0.20028594953697326
14,-0.0052195374919637395,-0.0327278252391767,-0.006359653964463886,0.4532424266183819,-0.057516729005087815,-0.07427840145669053,-0.05309053058255611,0.048332206340134194,0.0658812113759971,0.01,0.05,0.9871312772993132,0.41044313309922165,0.3710368338006391
15,-0.031405072436771875,-0.020464131468072418,0.022214938407135527,-0.2993693269556199,-0.01108458150239208,-0.07083916640459732,-0.04963638407997955,0.051997132404615516,0.07313056720783188,0.01,0.05,1.0,0.16286347674269772,0.1642679291951496
16,0.01715263912476013,-0.034764025437097126,-0.034591926372221735,0.08560314916368839,-0.11014246974373736,-0.07738063868097887,-0.05087157557762722,0.04952528642984318,0.0706262942664442,0.01,0.05,1.0000000000000002,0.339843750284428,0.274571931437695
17,0.037914778951775543,0.021894238548403694,0.005292890086930105,-0.05624042779825622,-0.009953182911096916,-0.07026326771341895,-0.04818260278907789,0.046449998690122195,0.06936733847629792,0.01,0.05,1.0,0.142975926676632,0.16625764443868582
18,-0.008742480461347527,0.021953984068209094,0.004091230991486155,-0.23840106428243146,0.025230001565902833,-0.06437696122187145,-0.04471028165734761,0.04469044256560825,0.06463617218307424,0.01,0.05,1.0,0.15319637575334308,0.1643590829119788
19,-0.018728113695390063,-0.010562214063196684,-0.016312247745369143,-0.362503544447041,0.22533974930180414,-0.06232547674157085,-0.04598695047577832,0.04916858128372898,0.06204550465576403,0.01,0.05,0.9951517427997505,0.3505807867913133,0.2987400846260976
20,-0.019171297004587775,-0.003736634501145128,0.014479752765143645,-0.4275340074032945,-0.06443145779504975,-0.06763655279832566,-0.04684821048742129,0.04838983127295718,0.06393301404160007,0.01,0.05,1.0,0.198806738953329,0.18600199310195145
21,0.04007377459039385,0.004737932879361985,0.0006551200453822254,-0.2528264728753782,0.0341726882990829,-0.06280579135182439,-0.04736787848807624,0.051508654160195046,0.0684335306155393,0.01,0.05,1.0,0.13500074201031456,0.12605634736939456
22,-0.028032364653984773,-0.007094621159211539,-0.03424670310582177,-0.15245867617123876,0.017507280561076723,-0.0653204431410291,-0.046806799065137086,0.05096191566334015,0.07604597789087474,0.01,0.05,0.0,,
23,-0.04523376414880373,0.01103130603288213,0.03695703947520438,-0.09109476258563509,0.025486379245201744,-0.069544621097208,-0.04803072049722003,0.0549208239647145,0.07454241677596195,0.01,0.05,0.9999999999999999,0.2865873139915921,0.24877384576956194
24,0.05481456754838417,-0.04843107723231933,-0.02009450086990156,0.018968423881785768,0.24010113466022406,-0.06526165808701952,-0.05105676513829641,0.05582586442434639,0.07811930107988241,0.01,0.05,1.0000000000000002,0.24350175498282828,0.23170598522043293
25,0.03920697284936595,-0.048196094467932146,-0.06210457906517297,0.01683722540968846,0.22688160324409437,-0.05971817042574948,-0.041976776444272154,0.04970142479122802,0.07170167340313019,0.01,0.05,1.0,0.2063622883365382,0.17199331555017294
26,-0.003124113639899086,0.035313025168376366,0.02948611413732625,-0.422929360848435,0.04498033578263164,-0.06301890746348904,-0.04817206924972518,0.050208103203313294,0.06838576280894466,0.01,0.05,1.0,0.15293872675807516,0.1753632299831917
27,-3.660632818854559e-05,-0.013648286272410711,-0.020134979079242884,-0.41429881520532463,0.12265410531649336,-0.05915213661182678,-0.0462446980571572,0.053010937678956656,0.06703311395817382,0.01,0.05,1.0,0.14932690307572108,0.1422222779506649
28,0.023807377990886468,-0.05819395458995244,-0.028516812359599727,0.03873088394284352,0.187463279245498,-0.06551083505687527,-0.0507744601336624,0.05601946884739438,0.07036218268883945,0.01,0.05,1.0,0.31932471434972465,0.24788131554143392
29,0.04066351594450946,-0.0203897482967014,-0.012262142446184905,-0.30307028094347777,0.12176911760354707,-0.06564672477396075,-0.046195969208854576,0.05489058453663799,0.0749378534788624,0.01,0.05,0.0,,
30,-0.008797442774472213,0.0067702771343076925,0.004680038537637087,-0.2066018152526099,0.11251283298700573,-0.07007168838656626,-0.0453662821224752,0.0533644992720485,0.0739562767586432,0.01,0.05,1.0,0.1212187286346275,0.1178393872885397
31,-0.021468718965517563,0.05237461530962873,0.029050979609555973,-0.23342764095667334,0.17526217727113094,-0.06450873744147115,-0.0456028936925245,0.05254593162830167,0.07237551344008608,0.01,0.05,1.0,0.09652943783061191,0.0923945694149356
32,-0.03601420559990692,-0.03174724669976318,-0.007656176672374539,-0.3390843578154197,0.04151791378324695,-0.06414488428021249,-0.04691238710333202,0.05101891047789164,0.0712303842908501,0.01,0.05,0.0,,
33,0.020045990473682242,-0.013597680102616671,-0.023228222917404635,-0.28150318698026355,0.04728364462926954,-0.07256187695086269,-0.04788004449862259,0.05078730837058247,0.0686492510762307,0.01,0.05,1.0000000000000002,0.16545929672521967,0.1618163030190412
34,0.002792198867981253,0.03856789411174062,0.10651638450972452,-0.22659565168527207,-0.034248639507720065,-0.07104446255195485,-0.05044681530068,0.047077854451836924,0.06381464823429753,0.01,0.05,0.992943269759996,0.35574069103858347,0.34820498217634566
35,-0.056058634478229674,-0.018279196251263164,-0.012189060752680825,-0.3170521236298205,0.11394717937464778,-0.06362675018540814,-0.046092843349868066,0.05103900950069932,0.071917871108005,0.01,0.05,0.9999999999999998,0.19295832054458667,0.1877412376061497
36,0.02013876167821822,-0.07204398088472296,-0.07692191651740463,-0.48400918326810194,0.15148602058465468,-0.06840600968844418,-0.047681682718990856,0.05112520346380194,0.06914503350966564,0.01,0.05,1.0,0.28128884634988666,0.23770001092182416
37,0.00449441708494471,-0.02181004768385237,-0.0189073752265769,-0.24932247188468049,-0.016611745053569275,-0.0739216042819187,-0.055008571844412664,0.05277731163126142,0.07380916917912762,0.01,0.05,1.0,0.31856731313809905,0.26159364036932164
38,-0.01928173038681059,0.06116715484979085,0.06025631697296229,-0.32809054684966465,-0.05156721155405401,-0.07622884172992611,-0.05803056661399851,0.04625696894614117,0.06595920387112568,0.01,0.05,0.8798164424940201,0.42488290488593927,0.4511716448020351
39,-0.001953505196898269,0.013856634684498667,0.02453453390064128,0.008021790318632593,-0.031175605553244782,-0.06982476180103774,-0.051718795629240276,0.050313056973426314,0.07348903278667251,0.01,0.05,1.0,0.3154810600076934,0.29347679483772404
40,-0.0078080361694504346,0.08855378908478995,0.08868043437532644,-0.26024206355568547,-0.06297816215841874,-0.07490915733539005,-0.0534768828318233,0.051463140066022026,0.07355184237869164,0.01,0.05,0.9999999999999999,0.32765209103836335,0.28714956342922315
41,0.02125463604091006,-0.10563428415636127,-0.102332815580468,-0.2516980010615062,0.11492499974385463,-0.06821472021844323,-0.0516743871641279,0.052415429823116595,0.07103706832186162,0.01,0.05,0.9613703990842553,0.36730932634825186,0.36744494711691417
42,0.09378838643028849,0.008326703405632548,0.013326020487056117,-0.3845306918583975,-0.11238540088242505,-0.06808491907782778,-0.05316581533288224,0.051239362066985296,0.06687595083896407,0.01,0.05,0.9999999999999999,0.22186458829334374,0.20416390035906176
43,0.011699371121106611,-0.0668084105906477,-0.07622584057871302,-0.3643483945282724,-9.600375796684162e-05,-0.058391389457429374,-0.045745178193357106,0.05029094133173852,0.06570892217923245,0.01,0.05,1.0000000000000002,0.09108921495791336,0.09852752019535199
44,-0.026398034245876188,-0.016424993032573162,-0.028043685006910107,-0.4355856145357544,-0.05674601942744075,-0.07259834470315359,-0.05491365562911329,0.049678190504602426,0.06453534861306594,0.01,0.05,0.9873298565362603,0.3809089258512697,0.3536879872170032
45,-0.04150589586021263,-0.013708115982278784,-0.014788625320630949,0.0021421688059901633,0.1176252107365827,-0.07133536596623502,-0.05119816443498097,0.05316203650552824,0.0777285433581237,0.01,0.05,1.0,0.1673464977255711,0.1608776740767511
46,-0.03734551995234942,0.007649011323954818,0.024527641077523792,-0.2626159780276236,0.09721543231564655,-0.0641290374148955,-0.04438133640263851,0.054109709446428234,0.06859162619591926,0.01,0.05,0.0,,
47,0.009868230667291221,-0.06371153635706858,-0.06224616081565276,-0.18694918238220115,0.15902288688409127,-0.0637125733751043,-0.045578938780064734,0.05312041770876421,0.06766910106185428,0.01,0.05,1.0,0.21640860985204496,0.18654686679941568
48,-0.042588768705038756,-0.0222173632945676,0.0023988614530791974,-0.3404783678161061,0.06942265983859995,-0.0641304158249542,-0.0499586289124189,0.050677613710378655,0.06215492551758339,0.01,0.05,1.0,0.1966888338967803,0.18764827739318948
49,0.029410969254336918,-0.025869861197963716,-0.030426291387246007,-0.1710878580914197,0.09899673697522161,-0.06850078833170907,-0.04928763011902115,0.05149968352428514,0.0725689127353488,0.01,0.05,1.0,0.23744212140923648,0.22302516082441823
50,0.057925763987115075,-0.02688915795845089,-0.032743829494821186,0.04879462568820969,0.1684995524920071,-0.06369718043729808,-0.04907135060965772,0.05378359406724579,0.06849820830385997,0.01,0.05,0.9999999999999998,0.13356747784652084,0.11340396509729778
51,-0.004761475781608996,-0.021071242014021187,-0.018618387787197755,0.016187982504238363,0.13652149113969628,-0.05847411612892741,-0.050253285662312394,0.0489697764529746,0.07360570012055052,0.01,0.05,1.0000000000000002,0.23317555011475533,0.19620509565031868
52,-0.03801907204523702,0.004485114800351406,0.011798540167649214,-0.39626452408785484,0.04203868941289924,-0.06844911714283138,-0.056055798503313034,0.052518107412290786,0.06978342613337686,0.01,0.05,1.0000000000000002,0.3186814322126714,0.26530627454798555
53,0.02951235876978712,-0.04942303893245863,-0.03314629119844954,-0.25610845191583165,-0.0715689716265143,-0.0741312385140539,-0.05282169131295797,0.04790516814056161,0.061387758766958754,0.01,0.05,0.9791961300478305,0.38335668681971075,0.3269253411837228
54,-0.020124138710379897,-0.007981698676073571,-0.013320556819030157,-0.38359998743815105,0.0391997698465347,-0.06439396496947834,-0.05258265743818682,0.050662938495572886,0.06940231886201781,0.01,0.05,0.9990141997485675,0.334383277662566,0.2805359760167781
55,0.029757609910191222,0.063769593748664,0.04996926537420981,-0.33982595503749113,0.06938358578228217,-0.07255657245791608,-0.052818411572170994,0.052548205329129336,0.06599206135351883,0.01,0.05,0.9245296812003103,0.39907808246453297,0.39582952632437346
56,0.04397681947011276,-0.06213809448469296,-0.07570273358411539,-0.1900888384614552,0.11553890622196068,-0.061861786594379874,-0.04836108510957949,0.0549737799821691,0.08003764661721774,0.01,0.05,1.0000000000000002,0.22487038138881188,0.19634687552471639
57,0.03338441765039013,0.025382248482770625,-0.0011718342718406622,-0.016099983082684677,0.1964191469528754,-0.07262127687154896,-0.05259243710397666,0.05237700690976034,0.07354133527955413,0.01,0.05,0.9999999999999998,0.32259330401593056,0.2956754377094979
58,-0.05363868685407465,-0.0237828846630122,-0.011345524663024482,-0.4190486769438664,0.12865920992724963,-0.06815785861578873,-0.050509921469819495,0.05013773446135965,0.07050634998008294,0.01,0.05,1.0,0.3245512300635027,0.2936630711836623
59,-0.015978981396741875,-0.0074253016171444575,-0.03778047438401913,-0.28365930116083193,-0.0837014421682081,-0.07516424077389806,-0.05400583043217874,0.049148671434376456,0.06454741544318347,0.01,0.05,0.987147969245241,0.4391263298358901,0.36896811019322784
60,0.11069854811347564,-0.022103826174338582,-0.027961691216240765,-0.2566315713348857,-0.03854302720678809,-0.07693171143117208,-0.04965294097678166,0.05288643415347718,0.06621364500576993,0.01,0.05,1.0000000000000002,0.26860553186746683,0.21031366341556676
61,-0.04770653377960485,0.009201272058990382,-0.0025772280145297953,-0.21229809738824645,0.060927371271039824,-0.06844174291149506,-0.05376385479268203,0.05445705809074849,0.07054294208393935,0.01,0.05,1.0000000000000002,0.23651198931124978,0.16883076024490837
62,0.04249084960970111,0.04483661224211314,0.046647561869767,-0.21832444356779312,-0.04936799259084217,-0.07024851811198787,-0.04999033343130281,0.05231995497459894,0.06892954047756167,0.01,0.05,1.0,0.15203172724032304,0.15556489307455737
63,-0.014348198304766194,-0.006831231355600853,0.006979272227059075,-0.10689849642946925,0.08073818216351157,-0.07013381647674999,-0.049475258133769344,0.049288840895098565,0.07573860363174177,0.01,0.05,1.0000000000000002,0.27285632456362463,0.2281967073827511
64,0.003983085762435747,0.008751411056811476,0.027439488520471712,-0.4098159670487034,-0.04523663337073606,-0.07294957758229306,-0.05237866151192528,0.0533935949706111,0.06928952132073914,0.01,0.05,0.9999999999999999,0.3263457677410653,0.289503594335318
65,0.014003161752970728,-0.018746568501519414,-0.003916473440394459,-0.0862060662387707,-0.10991494832913415,-0.06456128553681667,-0.05065541208038841,0.05141700784353794,0.06365854654396756,0.01,0.05,1.0,0.2933517314199317,0.26547854143905736
66,0.0349952380030112,0.01857658728836791,-0.01473762324957044,0.14011159413684693,0.11657038675251305,-0.06767323196910703,-0.0502328662511776,0.054175175695598154,0.07118214864852195,0.01,0.05,0.9999999999999999,0.35648910768896164,0.28618098678540266
67,0.0024711898617493185,-0.0830673120604646,-0.0414580092552957,0.08792130634870476,-0.15802599534489883,-0.07489061944164849,-0.05215790137005256,0.04967405236514567,0.06564513208754852,0.01,0.05,1.0,0.3945885306020155,0.31183469788721835
68,0.021737660479324548,-0.010617517684163864,-0.020869293453854125,-0.21660570244012645,-0.015064042799469794,-0.0648599185292997,-0.0465199983337679,0.051789201252306544,0.06437961779869834,0.01,0.05,1.0,0.31299445899724376,0.27104963193015236
69,-0.07610124828102843,-0.014126455590699624,-0.021330272329097486,-0.06936095601870429,0.10987517202268848,-0.06924591943709836,-0.047796065017399796,0.0536083374624886,0.07535480298678436,0.01,0.05,0.9999999999999999,0.23369299844599717,0.22106779565347315
70,-0.0412162227391223,-0.07169670070880177,-0.0758665574110644,-0.09947739929866017,0.06810772690934538,-0.07289888520210766,-0.054519018089749106,0.050183091140991586,0.07008880726629192,0.01,0.05,0.9816345607516364,0.3656039237209949,0.31673343795143905
71,0.05189097475825747,0.010630552821068024,0.042198466424592115,-0.5183559591888014,-0.05616629488892914,-0.06717595755983082,-0.05337752979435595,0.04936146236055642,0.0597050858016424,0.01,0.05,1.0,0.32425337147047084,0.2594733875746892
72,-0.014258955589194561,0.030662705143764585,0.021080334760016698,0.15476230260713963,0.17040624711724903,-0.0671880900498387,-0.056263826486070846,0.04657803592742261,0.07920762869749366,0.01,0.05,0.9886910984286181,0.3857437825409782,0.38092762538372243
73,-0.031699915696024844,-0.010728577221789288,-0.021299007279993593,-0.21191078815376052,-0.000754818703034889,-0.06448510801642258,-0.05241681095967687,0.049783546941759405,0.06866195978655427,0.01,0.05,0.9999999999999998,0.26378727232734883,0.23527804406570796
74,0.08395532301357252,0.08296960521165135,0.07598491176846497,-0.3690473902424172,-0.0355274759376012,-0.07189050132958756,-0.05217612233145001,0.051004517775619325,0.06482538175099434,0.01,0.05,1.0,0.3499392542405001,0.28317812813140936
75,-0.03994894298826426,-0.09048990381346453,-0.06418981048006445,-0.0581090528860444,0.03646224435967948,-0.07150698318984311,-0.05013047564666371,0.056408054021367296,0.07414313478600924,0.01,0.05,1.0000000000000002,0.2032859389073062,0.19418112984424712
76,0.008739438891886893,0.025333002287361493,0.025758846051065584,-0.22314229523036389,-0.10691278120703585,-0.06977172993094698,-0.05507309053382698,0.04893193617182273,0.0660507521232322,0.01,0.05,1.0000000000000002,0.36722567427361286,0.31569990168438183
77,-0.06431548434330794,0.06559769707948358,0.06282296774640772,-0.446164156898063,0.08271018882514533,-0.059138534669431086,-0.04603777301019544,0.0512641175281281,0.0737997116999275,0.01,0.05,1.0,0.10268640652529018,0.09039048420516312
78,-0.025603040244614496,-0.038801931314162215,-0.04440323390506731,0.1278907408599057,0.18795969556665834,-0.06562372926129328,-0.04974774420068211,0.05164617932889064,0.07080864604269763,0.01,0.05,1.0,0.20332371415795367,0.1861085413173062
79,0.01800419063521145,-0.034522477252630974,-0.03613846953669518,-0.3365330944782512,-0.0516776359958491,-0.07110373533490817,-0.05071929216302274,0.04962377763673026,0.0732619094146187,0.01,0.05,1.0,0.3291689838696227,0.2579264087882734
80,0.025535912394980816,0.006479753680705901,0.017490822253974962,-0.19538873124477085,0.050846747470849794,-0.06815277241753526,-0.05495082860682817,0.05352266775185788,0.067472504367788,0.01,0.05,1.0,0.34054353998220654,0.2626132986723058
81,-0.06815162521239336,-0.021759809623590625,-0.029479014859855285,-0.20181057947699044,0.050168800971172205,-0.06639144006421585,-0.0511148793143308,0.048296017667037575,0.07203568101461864,0.01,0.05,0.9989683520372266,0.35881103081379556,0.28138783513316484
82,0.032524778279311856,-0.06747826253021079,-0.04712465051928506,-0.11885144164493155,0.15412398213718095,-0.06910396788383506,-0.05295529455122907,0.054593856264105824,0.07475904276955464,0.01,0.05,1.0000000000000002,0.28338533086719203,0.24039080248432498
83,0.06227626129177914,-0.05949920715150541,-0.01672268482755115,-0.2785448312607741,-0.021577705495518077,-0.07540586402237619,-0.04929895282200844,0.048670823804710474,0.06375171182697574,0.01,0.05,0.9856961254156836,0.3360241272627473,0.2688934798694995
84,0.04021675950389686,-0.10709139977913497,-0.0939451134931963,-0.33240973889596104,-0.07159432341064158,-0.06517791026281729,-0.05247585916657667,0.05154742574566359,0.06686268483594997,0.01,0.05,1.0,0.21899416550583503,0.22281899929022034
85,-0.047629509131536275,0.011861728801767571,-0.015636435116745857,-0.3072761938237303,0.07056571843946362,-0.06774403357504932,-0.048153461665331646,0.05024544982657176,0.07673564777917957,0.01,0.05,0.9999999999999999,0.05559530162048518,0.05600398390100343
86,-0.046884377793332946,-0.01594259966828461,-0.05500370629319654,-0.037564208380268305,0.19719732947243115,-0.05984492293824651,-0.04705791660650991,0.05482834429518751,0.07322183741093102,0.01,0.05,0.0,,
87,-0.019202391393565874,-0.018072169275916445,-0.027473627579583198,-0.27198196043192713,-0.06616303513939133,-0.065608101854898,-0.05081736384835705,0.05098844053759791,0.07092232517334959,0.01,0.05,1.0,-0.04033964547835955,0.02767185866729527
88,0.0037234474775940216,-0.058975296277013624,-0.032655665708801754,-0.12527064364120566,-0.062158015461742384,-0.07269816999117036,-0.04849051423994493,0.04791307091827626,0.06237103743054415,0.01,0.05,1.0,0.33036340646777856,0.28789155904612307
89,-0.06669589526281124,-0.013457977613458818,-0.03401860282142826,0.06074672819361826,0.37407914682263965,-0.06155104191128736,-0.04551138669501144,0.05927132848986281,0.07610563579171004,0.01,0.05,1.0,0.12737377738272676,0.09917896784780805
90,0.03392557863715556,-0.004261226360795232,-0.0038251449169856106,0.1628581344959854,0.021287373029494034,-0.06449478631368413,-0.04990487117220352,0.05440039272131756,0.07391695093936564,0.01,0.05,1.0,0.26880551738825376,0.250056740902346
91,-0.0070292105461873715,-0.011103289978893802,-0.005040838939480525,-0.5227505453904056,0.023288783196955255,-0.06620970887962481,-0.04846803589461535,0.0542462386969208,0.06375055818669755,0.01,0.05,1.0,0.3202406010236821,0.3028624044345966
92,-0.018933427350089387,-0.028347226133722956,-0.024343223124780385,-0.14357529724624785,0.22202606353247673,-0.060491913879709716,-0.04842588995831936,0.05173998646123756,0.07640638269898471,0.01,0.05,1.0,0.11376254488916698,0.1344970853636466
93,0.07066761539271003,0.03469160700270372,0.08417543759761215,-0.026241510900134823,-0.11396244671410026,-0.08147467017736866,-0.052984728696599766,0.048816012285616384,0.0710396475018784,0.01,0.05,0.9999999999999998,0.23771929710944528,0.1934257620641972
94,0.1493001881551656,-0.03434563053106062,-0.012421008271926938,-0.0915402845614195,-0.06682045714603843,-0.0713763198193892,-0.054106637189827465,0.04825463229282217,0.0705717474268986,0.01,0.05,0.9916890158192844,0.3998206566786316,0.367960375462748
95,0.016110416375979878,-0.043337872919747576,-0.010582252003362493,0.12726266618971716,-0.14334254773848895,-0.07725201378580257,-0.05332830803111551,0.04600825737660515,0.06915492329250462,0.01,0.05,0.9283193246910338,0.4228599344328895,0.34699422941497676
96,0.06512154937278788,-0.04832107182931769,-0.027746843832009784,-0.26059322483132874,-0.058530524350799217,-0.07335581629170364,-0.05255846496537913,0.05077306233908394,0.06390224331603987,0.01,0.05,1.0000000000000002,0.3511461232410535,0.3028675536008806
97,0.06109220283866253,-0.029589911651239833,-0.02685607737964405,-0.5855434276148181,-0.011313140286700643,-0.05930877321478682,-0.042346138437512504,0.05160322767924602,0.06542827433485664,0.01,0.05,1.0,0.11953232019807461,0.1238532147080176
98,0.031428517485737384,0.010487611454317312,0.056407844982973035,-0.3532742658038819,0.009151766835520051,-0.07017340948680674,-0.04907570803715981,0.05044311556650667,0.07087732284914347,0.01,0.05,1.0,0.2788189609621899,0.25088691392072954
99,0.053821471914321656,0.04994715005615905,0.046306479498733365,-0.18957415567696057,0.09904427623194387,-0.06296369983061913,-0.04987995616865054,0.050544252704261265,0.07474122956425588,0.01,0.05,0.9999999999999999,0.17598195013548168,0.16452691942143877
100,0.04448816566202047,0.023354395676319802,0.004191117723553615,-0.19053730696322324,0.00811655064624154,-0.0778854661883762,-0.05677992414112,0.0472277382151591,0.07779827342985056,0.01,0.05,0.9088825387153524,0.44310187829200887,0.4402159222075857
101,0.0547725258925705,-0.05955521018042208,-0.04955934326511498,-0.1917713586765064,0.08077905822687442,-0.07473329659956486,-0.05687062959926932,0.051178048258729264,0.06897042332821499,0.01,0.05,0.9060642643286848,0.39817926544936816,0.3705858302769301
102,0.04135147065957635,-0.008405997566770226,-0.02383458667603554,-0.04767552626937821,0.31769859858868127,-0.06269531612051546,-0.04640086127455157,0.04912030842133671,0.07176673405837229,0.01,0.05,1.0000000000000002,0.3146161833402099,0.27173823733749775
103,-0.0696961260621586,0.03990557240244301,0.030907238450601802,-0.41912724006099955,0.0327803939784232,-0.06903804979190659,-0.051071937255433894,0.04928496880254319,0.06923703415307925,0.01,0.05,1.0000000000000002,0.30456480249310497,0.24823729381673104
104,-0.04007148654237967,-0.0024243133448279643,-0.008386795741771242,-0.41170764770245594,0.21055334691360167,-0.06227540986154842,-0.047437946640659666,0.05028729041315117,0.06979488382241487,0.01,0.05,0.991769139797272,0.3554599968847779,0.31882638396359203
105,0.015957862502797977,-0.03477015725066558,-0.03163901641133313,0.08799849672235505,0.13768025507402826,-0.06439423454594186,-0.05030122228902319,0.05097300188559727,0.07543548524050081,0.01,0.05,1.0000000000000002,0.11723631616759264,0.1181300675723343
106,0.004716906753637226,-0.05532187272587714,-0.049225439434003114,-0.1867988631507127,0.048621400142007144,-0.067045947676254,-0.04941915006399563,0.04900925908075886,0.06991494800278711,0.01,0.05,1.0,0.2587441359061691,0.2392900211415259
107,-0.03176388343241391,0.0552064671318189,0.06452238966112595,-0.36686447579874093,-0.020443893708157326,-0.06926349223990252,-0.05713706627014938,0.05113701043507398,0.06563333947795714,0.01,0.05,0.9584744662155478,0.42952700914833664,0.4080938589253969
108,0.028140141821774215,-0.0011943607014838653,0.011290537624541843,-0.5833359425072597,-0.1125816717092761,-0.06575539760235685,-0.051573566817604145,0.04671678726431069,0.05880039014648334,0.01,0.05,0.9999999999999999,0.21856912291149558,0.21046959735152057
109,0.04416578832869168,0.00852901557950477,-0.022843288697647724,-0.4738760735512404,-0.010540340656164845,-0.070112493664359,-0.05518075846745585,0.048766146034840585,0.06471375450107739,0.01,0.05,0.9781990833474983,0.34513835192180664,0.3249919260088905
110,-0.006207673348405683,0.015859899018819464,0.012853593260545464,-0.22384007817749918,0.09024500860246641,-0.06676966596092324,-0.05059489396251677,0.05322646779980319,0.07348728762850942,0.01,0.05,1.0,0.2080620399078652,0.16225430818166167
111,-0.04219046209436218,0.0056022944238992185,0.038077455413785,-0.09828136714270208,-0.16107293929305605,-0.07758554710394426,-0.05273272396124284,0.044556343110636,0.06698510217815824,0.01,0.05,0.9999999999999999,0.39110406728635616,0.3320917088452823
112,0.03413433450304,-0.02456207622463603,0.03220283404459205,-0.14355318849231224,-0.031074016679376995,-0.07260285119393294,-0.05286922773500766,0.050239277598934574,0.06984437717605131,0.01,0.05,1.0000000000000002,0.3067539214064402,0.27302531425233306
113,-0.07457552002381507,0.024079576670375635,0.027458200127299513,-0.373261587248614,-0.043370175451812404,-0.06198245149509097,-0.04853999371944607,0.045208310707918184,0.06689367009762977,0.01,0.05,1.0000000000000002,0.1956696382028352,0.16017180349251756
114,0.10064902467196596,0.032205720307920974,0.02169940507852139,-0.5070803695545685,-0.027871702066443804,-0.0639911935977601,-0.04983808140869511,0.050760565865657664,0.06611311558307117,0.01,0.05,1.0,0.14609042764353602,0.11882858818827717
115,0.018018417587440758,0.024369320159032686,0.0008093618116892014,-0.2237649872582197,0.041722081379817956,-0.06653969649257717,-0.051174233145850886,0.054029988502657174,0.07276599369055906,0.01,0.05,0.9999999999999999,0.06587411379990583,0.0645418780978133
116,-0.008369201728197034,0.020013374033839137,0.0061615554007194125,-0.04410811609847709,-0.1079440354228835,-0.08170295251379933,-0.05191639818702228,0.047398682394664986,0.0618364411996396,0.01,0.05,0.9952211982939836,0.3767886884540445,0.31971706753372003
117,-0.05183169525826449,0.02798195284797344,0.018776031987639826,0.04754338901061761,-0.12272941555583433,-0.075040196950482,-0.049466017730856605,0.051489347718142814,0.06898356403820369,0.01,0.05,1.0,0.13801259621548131,0.12225230456246639
118,-0.040263227014587656,-0.0012792613199910192,-0.019879496765834698,-0.19468647763480984,0.03898335059290254,-0.07606868632858736,-0.05413691455209136,0.051702172637175456,0.07044389551459607,0.01,0.05,1.0,0.2962446408610745,0.24342675872182584
119,0.08827398352312127,-0.007456066253922568,0.006877169171460243,0.1899928601269285,0.02347262348074635,-0.07646788761440143,-0.05060340626697736,0.05060069431128518,0.07683286072199948,0.01,0.05,1.0000000000000002,0.37171677116246593,0.2767582713985065
120,-0.04660804960228997,-0.0036175347827251936,0.0025398247119286974,-0.09791142242754969,-0.09390975836190929,-0.07407683923989451,-0.04778399794714064,0.04442500737896296,0.06224458988723851,0.01,0.05,0.9788334828912303,0.39120582008062527,0.30545947470679213
121,0.022394361293019163,-0.05735724966834734,-0.08379837957509895,-0.27939442922767155,0.14721144383011556,-0.06764435198028047,-0.050288542650689154,0.05599916733617765,0.07461664048148677,0.01,0.05,0.9999999999999998,0.2107883088294827,0.1791761803383147
122,0.00372727051316312,-0.06536371268771753,-0.03438448937243461,-0.2447593448536356,0.06760916448432458,-0.06814626992813069,-0.05101128869616916,0.052282100829019074,0.07254347444097711,0.01,0.05,0.9999999999999999,0.15509660066765601,0.14179504353541963
123,0.04980874562650721,-0.02154740835785891,-0.044914952658966244,-0.2808354935870452,-0.028384156197746452,-0.06889246683174412,-0.049866523227945436,0.045972347430101375,0.06225575295213023,0.01,0.05,0.9999999999999997,0.3822220040368902,0.293513737030173
124,-0.018424947671667313,0.017000379546695477,0.010516777585605904,-0.45647782588860064,0.023021943271380033,-0.0659547462695923,-0.04806156065120779,0.05462365539731792,0.06907071230528265,0.01,0.05,0.0,,
125,-0.006033653124327247,0.07623986428268273,0.05284207513171579,-0.35156672582896276,0.10381349045115466,-0.06962558905401688,-0.04913433063026249,0.05121218717745971,0.07495357976078246,0.01,0.05,1.0000000000000002,0.18848321123860673,0.15304917679084787
126,0.003462341683849588,-0.02998270910961278,-0.04214214743954129,-0.44756600259717505,-0.044861842946674405,-0.06855702188956393,-0.050540518379491785,0.051521214940282785,0.06564788637410805,0.01,0.05,1.0,0.20274366140714928,0.20918024736050506
127,-0.06518816359422952,0.01143011858776124,-0.007341963457572202,-0.3831791650798353,0.15020465901706057,-0.059899157575465975,-0.04808089807108285,0.05414301507622177,0.07025581747354584,0.01,0.05,0.0,,
128,0.0734358884614306,-0.03857404335222277,-0.06315939309926107,0.06466662259977607,-0.09446439252791458,-0.07581607601553282,-0.05091577666928918,0.047272417202528165,0.0691538445991,0.01,0.05,0.999428809049113,0.37678145746133557,0.32570529551109567
129,-0.062207628745728306,0.07911972160459387,0.11642202698512406,-0.03645649783122362,0.02156009794624485,-0.07084962085573322,-0.04997094610241966,0.05096393030234667,0.07359710535027016,0.01,0.05,1.0,0.17893146171338037,0.16019516042409654
130,0.06474400095021157,-0.024007315762365512,0.019598607692717124,-0.5971813741657965,-0.02825844491856028,-0.07255210835385453,-0.05110869545640413,0.051861216648725575,0.06738302460290972,0.01,0.05,1.0,0.28855762537116386,0.23381049712530344
131,0.008037796545702339,-0.011780031338155696,0.01780041645136761,-0.08265302321190404,0.17304956814598113,-0.06502710643512917,-0.045282591018617736,0.05279045351183801,0.07600272271823041,0.01,0.05,1.0,0.2874415238737416,0.2559698141181208
132,0.05081710784519302,-0.054245410975592455,-0.049635685914625166,-0.3983679025724185,-0.02503325863536195,-0.06968912154491401,-0.04781731952657865,0.04982909409637033,0.06499043065761273,0.01,0.05,1.0000000000000002,0.3324525511276159,0.31076334578938386
133,0.07560215881561808,0.030414709191864068,0.035825247292363874,-0.11913205648756886,0.03296106852221836,-0.069783810808358,-0.04670288378233488,0.05504087059959104,0.0703379710685325,0.01,0.05,1.0000000000000002,0.3240287832438625,0.2809826085457447
134,-0.03725708538813947,-0.070800601123767,-0.07357424270239239,-0.03426651291341365,0.001592104451561219,-0.07298387799936576,-0.045122646732688725,0.05441448550754982,0.07241249871221418,0.01,0.05,1.0,0.15173604711375466,0.18018912851862595
135,0.00915717868273095,-0.0251084028361126,-0.020411481850363542,-0.14237514916986083,0.02961363281870035,-0.06930137809799175,-0.05086722717177686,0.04657057099737362,0.06395254010844997,0.01,0.05,0.9211016180538053,0.4158950192810769,0.4101797648292861
136,0.04819493169237307,0.07513698656160261,0.10298257920815354,-0.2073036480345154,0.04193720238071041,-0.07356034398411687,-0.05526840253708251,0.05254749933144829,0.07154308467279276,0.01,0.05,0.9637748537337364,0.35857436626133765,0.3085852348057479
137,0.0022883347458910923,-0.08700551958432631,-0.049228960210483695,-0.05112795507529766,-0.048094787337046085,-0.06643064994598041,-0.05118018473364378,0.0534111862331836,0.0630232970609153,0.01,0.05,1.0,0.34963745185878153,0.29634280152750936
138,-0.03425919657615958,-0.002409118850867882,0.00714270502789579,-0.4095218822792588,0.04689059528536823,-0.06372603818978069,-0.04786091573611947,0.05334221305899955,0.07048121837939147,0.01,0.05,1.0,0.07599418367479988,0.08001761595896525
139,0.04425341271894103,-0.05118446327095093,-0.045446559999478525,-0.44553825420317317,-0.0019556296651912332,-0.06481647345542631,-0.04974775597266248,0.049768187619964946,0.06586520474950648,0.01,0.05,0.9999999999999999,0.2849557385906986,0.25930983241928635
140,0.01882593955540723,-0.01567699376244574,-0.03337125673914425,-0.4313277577107608,0.06943025950454423,-0.07024455189248043,-0.049988007706645965,0.05272438205867297,0.0721403183930264,0.01,0.05,1.0,0.1720609405275834,0.180850922055747
141,0.06304180294061269,0.02602758529163839,0.008466117296271865,0.05937905264666776,0.012985652946586284,-0.07278005620468812,-0.04635937160397779,0.05484823515505244,0.06853484336991955,0.01,0.05,1.0,0.1643721043853335,0.12316094040153874
142,-0.0849527497754688,0.054214222362965886,0.04963291664634385,-0.2575533025643568,0.09758284453360458,-0.059053005717756096,-0.04518267395659076,0.051233003929798855,0.06973504620268592,0.01,0.05,1.0000000000000002,0.08218402341979764,0.08582799412975317
143,-0.012155924207413096,0.005069232680073746,0.03890882702735322,-0.4444516058051913,0.08718485748875385,-0.060052673122009965,-0.05141412753296797,0.048224421840409475,0.06974320948576344,0.01,0.05,1.0,0.29817208896430053,0.27448835957229756
144,0.016967033477636496,0.04696864951177735,0.01043495623577071,-0.049576123214678525,0.31134145254275364,-0.06415865555754376,-0.04562015784980612,0.05477012742459839,0.07583993660711542,0.01,0.05,1.0,0.12313602405145463,0.10224383907889077
145,0.01168693571725326,-0.016958499098771146,0.009562210004785245,0.07762148108677103,-0.11441855902954837,-0.07928373069686222,-0.05626711849164199,0.04801955225743886,0.06964748823928622,0.01,0.05,0.9784359602311393,0.3965984219177388,0.318407026020886
146,-0.07316201632802888,0.07611096421522226,0.09868894015520673,-0.40950817948496576,-0.06163389757882963,-0.06424535821436397,-0.0488244312650336,0.053188620847538136,0.06639986016958947,0.01,0.05,0.9999999999999999,0.3046758279295888,0.2698453579700611
147,0.030987409955640317,-0.05044808327013003,-0.05381602362097532,-0.3671870107112727,0.19403926503879348,-0.06592926894034376,-0.0469270881304226,0.058595078179170514,0.07301646318654184,0.01,0.05,1.0,0.1321194522451821,0.09507295794249605
148,0.05248403691190383,0.021635150795887025,0.024646459941319993,-0.04484783182088092,-0.08635341620676595,-0.06715798424318244,-0.04988710312864849,0.04453456388841304,0.06596431390933968,0.01,0.05,0.9667492704252115,0.4064408668061132,0.3369757992808571
149,-0.025722603686937868,-0.003448158399593895,0.029128989518745426,-0.1782433596492652,0.17992156815507235,-0.05768291076064669,-0.043983241179191356,0.05114900685239605,0.07202854390945733,0.01,0.05,1.0000000000000002,0.18790607981581472,0.17898736874654764
150,-0.015794436612515363,0.025013890436265077,0.029386183834775165,-0.45552107257325103,0.04734302357165033,-0.0658842369513401,-0.05399288463377788,0.04852184269050961,0.07195462814519474,0.01,0.05,1.0,0.2683841203626403,0.20893522628470132
151,-0.05838928420101036,-0.03726815526455817,-0.0234584515420766,-0.28268219335661016,-0.07477295403021057,-0.07123997147883251,-0.047968478303113425,0.05131089486238773,0.07377450288578657,0.01,0.05,1.0,0.06071271414655145,0.06071271414655098
152,0.010901725809503228,-0.007233965648066381,0.00865441886183669,-0.45204278933150777,0.07037134497977313,-0.061641866417699996,-0.045742809555711986,0.050950909961894934,0.06882273231908446,0.01,0.05,1.0,0.11585564694343692,0.10827459271445886
153,0.031679925886996176,-0.02479153696672661,-0.06339788797266557,-0.32170713462703127,0.03949954765732628,-0.06668194635245293,-0.05336544598040438,0.05203449369222789,0.06803100146750052,0.01,0.05,1.0,0.19972540166951797,0.18522926963945116
154,-0.026938551815409297,-0.10740996325752106,-0.0742801331508138,0.09678343184819793,0.1206132589732946,-0.06640806137882016,-0.04648088021797042,0.05304399724493613,0.07412200974358904,0.01,0.05,1.0,0.27032090647530993,0.21746847213924966
155,-0.04151236806862365,-0.06236195973166755,-0.08443725077911692,-0.09620794864077409,0.06303345462993039,-0.07501013571327954,-0.04925724459394102,0.05410611143628983,0.07242614204609037,0.01,0.05,0.9999999999999999,0.2422545163719916,0.23543794277652702
156,0.029926085069615995,0.029724650124553116,0.025889461596163062,-0.2469078572468808,-0.016512556130566135,-0.06847754945339155,-0.05074338867495298,0.04920591299120181,0.0643029194959843,0.01,0.05,1.0,0.3436447992114764,0.272928850324139
157,-0.034119692719723274,-0.039035517581420286,-0.051161100392291416,0.19132022541684757,0.05244926445603995,-0.06113484185925674,-0.04507750140930017,0.04666097139480387,0.07346719565868452,0.01,0.05,1.0,0.06472527599821534,0.06472527599821551
158,-0.025882907117567338,0.012646666774582187,-0.01942411856386205,-0.6204231828251405,0.07532866344038885,-0.05861969357439075,-0.04710994134142344,0.05164698351406985,0.06794001069822257,0.01,0.05,1.0,0.14191548453590355,0.14889077371291357
159,0.02706488446843146,-0.00966711414755275,-0.012570488413595668,-0.2723993578037409,0.01959041954806362,-0.06793757756032046,-0.05438286778332963,0.0496461014765917,0.06778262650764635,0.01,0.05,0.9896516342214119,0.3972746052607526,0.36623968399643614
160,0.01133801274295846,-0.04244333035361377,-0.027690193041796814,-0.2923781392260678,0.091609153073264,-0.06461235923349622,-0.04683346978376421,0.052629085570183705,0.06687607569281755,0.01,0.05,1.0,0.13996117068846384,0.14593583495524706
161,0.056486938462101684,0.004019843414126852,-0.021485943705367605,-0.6337077421313961,0.040452173201895994,-0.06828452180288701,-0.05065588342555734,0.045864488315618096,0.06865484102263415,0.01,0.05,0.9710303164475876,0.38797060224046676,0.3447825368110445
162,-0.06323923968727496,-0.001282645042293394,-0.024768191369740712,-0.3063439153185974,-0.051799075475940363,-0.07401757450836059,-0.052470494586471544,0.05112071234247576,0.06819845714149735,0.01,0.05,0.9999999999999998,0.19236196061512506,0.1636263608696607
163,-0.016149417584524275,0.01318307389797016,-0.01937321912516462,-0.428080677807122,0.15970773543132835,-0.060883626094603405,-0.04505185960890161,0.05063389904046939,0.07288077369918244,0.01,0.05,0.9999999999999998,0.2668391328212992,0.22598675979534008
164,-0.027329445892365967,-0.020944254586781477,-0.03144423305653637,-0.3361633126771757,0.0950315056418762,-0.06732158316959393,-0.053363702906839734,0.05095418529705577,0.06894496145197024,0.01,0.05,0.9938473858227348,0.32942222041761116,0.30413079809089655
165,0.0802336562501825,0.0794750653219222,0.046614658189694486,-0.21839744852637377,-0.054983103459800294,-0.07345354470248294,-0.05373700773339897,0.05118888473767908,0.0689709995962958,0.01,0.05,1.0,0.27550283924810715,0.24162098925883954
166,0.007094323302594587,0.031781751694432335,0.016814936979305636,-0.262631675538072,0.055966673699899445,-0.0722806242387538,-0.05614350701579874,0.045398248414770095,0.06818245431078608,0.01,0.05,0.8903991397101678,0.42050777579149456,0.4081182876113665
167,0.02578145416615322,-0.030655020847572365,-0.04825497086085881,-0.22970361227744895,0.06074283848063779,-0.07111605330292309,-0.05052823907476787,0.04872968212357888,0.06964462228378085,0.01,0.05,0.9389636025193964,0.37859981623418165,0.32339575376575663
168,0.022591833269117397,-0.08405416545433177,-0.08354729085712417,-0.25536825361283455,0.029470624925411335,-0.06818743505937609,-0.05268477482866377,0.05022479616169426,0.07681183136505614,0.01,0.05,1.0,0.32316854786650506,0.2790654000702262
169,0.04099280143659963,0.0730041755660256,0.06792020834809952,-0.18494808497275184,0.02507965568993768,-0.06993025798273882,-0.05167132415392607,0.04903315181750727,0.072956298898256,0.01,0.05,0.9999999999999999,0.23885048501669406,0.2288657395871363
170,0.013397032940170242,-0.007113914746381713,0.017074524767846475,-0.3377968723384597,0.03187001152882221,-0.06586176311609482,-0.04471909903528862,0.048157473670982553,0.06754906647535175,0.01,0.05,1.0,0.23008537934670284,0.23195225965871863
171,-0.07611887556994851,-0.011719556020809879,-0.037894347326954736,-0.26271657721930364,0.12733931716967548,-0.057933804499978064,-0.046470019120063044,0.04998546435071819,0.07016583298695972,0.01,0.05,1.0,0.09415269363995607,0.08801304940037556
172,0.07805931587417807,0.03670241383819155,0.012950249602712427,-0.09554103517568713,0.0794853039290772,-0.06780972906125009,-0.04679983067094918,0.051138737792564316,0.07334424136744057,0.01,0.05,1.0,0.24048348701950586,0.2109191417623414
173,0.04325688104129734,-0.026945323495157714,-0.017631388369206972,0.11746156873499203,0.10912875357133907,-0.06971811634706018,-0.04875464840017089,0.05172860716600415,0.07310271546481319,0.01,0.05,1.0,0.3326126675554798,0.2712813853654745
174,0.033500279684341466,0.009803974285708929,0.03927517834186108,-0.17831083766383138,0.003315094841984784,-0.06527727912965685,-0.05015236123252429,0.05287100029815912,0.07264158068642773,0.01,0.05,1.0000000000000002,0.08386137218826377,0.07523983922474729
175,0.014054444351495703,0.01811238353389857,0.029031626959319094,-0.21350234657183265,0.15726927674614943,-0.06333046608233267,-0.04764055382280081,0.05343813786165711,0.07836001600861921,0.01,0.05,1.0,0.13766995629250342,0.13624409720569744
176,0.02374552885918596,-0.03724722045390143,-0.058936391024743455,-0.49226127876752557,0.03009047725569781,-0.06442487459879485,-0.048485471187315006,0.049303640614660485,0.06935502639289316,0.01,0.05,1.0,0.34290485161946177,0.30625592922204603
177,0.09136335299291665,-0.0017084367045544333,0.027003655774776904,-0.23334178435827768,-0.035544863150470056,-0.07246662764685914,-0.05525908210569337,0.052793794126321854,0.06814706535751264,0.01,0.05,1.0,0.2450379866969889,0.22963780482676732
178,0.06714315919359198,-0.034273366810113094,-0.03434457693349225,-0.5245431593980201,0.03722604223828343,-0.06752449103894458,-0.0502752945161574,0.04926438068927658,0.06866838425706338,0.01,0.05,1.0,0.21200995075544787,0.20692396695870774
179,-0.016511466723052093,-0.04092479460420958,-0.00841269657751799,-0.4120809659171858,0.023027639182077092,-0.06632772662631588,-0.04467670509087174,0.04883965622460142,0.06180007176730679,0.01,0.05,1.0,0.12276011443111728,0.1401609815501695
180,0.061709838567686456,0.03825022715410298,0.02739250853347843,-0.08455309626575458,-0.01935823607974122,-0.07645914246627572,-0.05456127346424014,0.05117227157972889,0.06848943623980498,0.01,0.05,0.9829116647496244,0.39691253142292,0.350893167600859
181,0.06308735883846371,-0.03993623682939199,-0.030309232246281455,-0.29326184090002005,0.07063307703434177,-0.06591765445705945,-0.04987449537376362,0.05315180849361613,0.07284782715013778,0.01,0.05,1.0000000000000002,0.3186961057401946,0.29622118744193865
182,0.0485356538776692,0.044170378176315736,0.005569806717481398,-0.2693141273965338,0.09859648057111856,-0.06283480945694452,-0.050945329490629195,0.050961317838249504,0.0717110414490447,0.01,0.05,1.0,0.32485891855504145,0.2667826630069225
183,0.015773747960853114,-0.061301130718616224,-0.0494915625627994,-0.3587332003522339,0.022042742995631918,-0.06835054103551716,-0.04770805472531442,0.05165878476737119,0.06565931094015645,0.01,0.05,1.0,0.24951065228540087,0.16775909732744437
184,-0.01873996782520952,0.03885673048069028,0.06828844916904668,-0.27623726990125075,0.1309093254437901,-0.0691520532840929,-0.05028326588099541,0.04971056179642908,0.07581572555856948,0.01,0.05,0.9999999999999999,0.2765481529741396,0.22936288070927077
185,-0.027495211734945905,-0.025477286644370923,-0.005300809979016925,-0.23887624262914375,0.07391229378375039,-0.06567215930951435,-0.0461467292569163,0.053621413748133,0.06920904880468144,0.01,0.05,0.9999999999999998,0.10613681726541715,0.12671897763182138
186,0.08836169169773543,0.077700639148351,0.09764818042305852,-0.04228483410164108,0.040548946223479244,-0.07299498034984489,-0.05176162295721922,0.04915561583149913,0.06392642509630735,0.01,0.05,0.9502439617567873,0.4243911158475055,0.3593337456122327
187,0.0263594375619858,-0.04839014877987234,-0.022738375998047265,-0.14457126152505317,0.07937086031611186,-0.0670422367934951,-0.050497870258883824,0.05072636696771367,0.07135537637142941,0.01,0.05,1.0,0.2696583518900357,0.22469186675071515
188,0.011078958456630516,-0.11357708652060511,-0.11862145812264618,0.01957584283208602,0.021820450492305875,-0.06185091296412502,-0.047362014362764805,0.04800768052677182,0.07389241161333467,0.01,0.05,0.0,,
189,0.05525125261708915,0.028649792148278924,0.012417628626758947,-0.4644585562334167,0.15271138814208318,-0.06096656692578317,-0.05058274068140651,0.04876950368196725,0.06757461763352021,0.01,0.05,1.0000000000000002,0.20832435533637925,0.17216315775951258
190,0.12491851658157702,0.054262829062790625,0.03541920186844033,-0.40306492478378875,0.05174551927097533,-0.06859922194192584,-0.04931643746057613,0.056574804629194536,0.07552019427151846,0.01,0.05,1.0,0.2695496596306399,0.2311217708639045
191,-0.01238310532383661,0.04796423458789977,0.020092745133127737,-0.21844848201747702,0.17552813783644916,-0.06293462032013526,-0.050369734649893534,0.04764549253563184,0.07763026171464979,0.01,0.05,1.0,0.3118714289404383,0.2707334132980715
192,0.0928169020550418,-0.025948218431062722,-0.04651028659267568,-0.49910021001670657,0.029366969640583572,-0.06905649147379594,-0.05174019068673295,0.05042361363970321,0.07145589509644469,0.01,0.05,1.0,0.2811456298304774,0.2409018472421894
193,0.018040735630850572,0.045160171747379345,0.056327519376334026,-0.33684399742792737,-0.16587505154424842,-0.07658402357299862,-0.051550012206343726,0.04987699011618759,0.06336841614430591,0.01,0.05,0.9999999999999999,0.3121563561164204,0.24332039805528766
194,-0.07272004729935846,-0.008223846509688828,-0.005768633043297676,-0.09235866043978591,0.03516080179832179,-0.0684589795095604,-0.05219764315430432,0.04794178127365541,0.06509072177917774,0.01,0.05,1.0000000000000002,0.30995682898837157,0.28342191512674614
195,0.022147062610854876,0.008596833248041516,-0.014035417835595525,-0.29173368667717936,0.06404334637632059,-0.07051949352783635,-0.0431518271998658,0.050559942758792636,0.07100707035899899,0.01,0.05,0.9999999999999998,0.23947808524261188,0.21236707897424295
196,0.02831948511713196,-0.020558188083691337,-0.006673386272904049,-0.3305780771436235,0.037286081976137704,-0.06572924539294281,-0.04689034725755793,0.05134033887208018,0.06585500801246223,0.01,0.05,0.0,,
197,0.03027662829004547,0.023288861878698667,0.0023901760198847995,-0.23453518581810728,-0.005962688733818425,-0.0682412903960238,-0.048204242314434625,0.04582284758801913,0.06340797570125614,0.01,0.05,0.9871800451073192,0.375648344541307,0.3334494505627934
198,0.03986574508029961,0.0035263500814343195,0.003945554430448498,-0.3739209574779627,0.025183811541715728,-0.07095799018869292,-0.05602379363226787,0.04846715179322108,0.07266713538810839,0.01,0.05,0.9524388835314248,0.4094263134954084,0.3737227761502665
199,-0.06555174192572019,-0.01981194681964464,-0.05463870505465861,-0.35189387912194015,0.0186403648561632,-0.07137029694693063,-0.0505676194501066,0.05093197616875554,0.06725999302427647,0.01,0.05,0.9999999999999998,0.26756677071642715,0.23292355437136747
