lambda_,alpha,sigma_noise,capital_scale,position_scale,initial_margin_calls,initial_margin_calls_std,initial_avg_leverage,initial_avg_leverage_std,initial_max_leverage,initial_max_leverage_std,volatility,volatility_std,max_drawdown,max_drawdown_std,max_drop_from_initial,max_drop_from_initial_std,margin_call_pressure,margin_call_pressure_std,unique_margin_called,unique_margin_called_std,unique_margin_called_ratio,unique_margin_called_ratio_std,total_liquidations,total_liquidations_std,liquidation_ratio,liquidation_ratio_std,final_price,final_price_std,final_active_traders,final_active_traders_std,final_active_ratio,final_active_ratio_std,inactive_ratio,inactive_ratio_std,final_total_position,final_total_position_std,crash_20_probability,crash_50_probability,crash_80_probability,crash_initial_20_probability,crash_initial_50_probability,crash_initial_80_probability,loss,method,candidate_id
0.007991509195002463,0.9297469736376573,0.6151864585480135,0.9025403545761967,0.1354230070699747,0.5,0.5270462766947299,1.6197824257092013,0.12233310130859691,3.6755164020588085,0.3114291046492062,0.030402750833870968,0.0010948177787515412,-0.564030549670414,0.20344126135942403,-0.47145633864954,0.2600056562800875,428.0,461.62033461854054,19.2,10.881176406988356,0.384,0.2176235281397671,19.783233433620907,16.091227920789493,0.3037219868893043,0.25104915730130506,110.78873687155594,81.2394415738926,50.0,0.0,1.0,0.0,0.0,0.0,47.0163649576981,18.380834029115928,1.0,0.6,0.2,0.8,0.5,0.1,0.15691389905262182,random_search,32
0.008365904707399454,0.6234306754348459,0.9024169167679704,1.017635802528951,0.15403628408321696,0.5,0.5270462766947299,1.6340356004938434,0.12340956383049123,3.7078588802033203,0.31416950570007374,0.02413170615817223,0.0007694462521142014,-0.4797790524615399,0.20091335620254352,-0.39922542516032145,0.24517345952453895,355.8,410.67040041592696,15.6,10.200217862597075,0.312,0.20400435725194152,17.460529285976257,16.66460360379541,0.2363617372100121,0.22855990856907077,107.45308639916377,69.24850519126576,50.0,0.0,1.0,0.0,0.0,0.0,58.520370393302585,19.177599051859815,1.0,0.4,0.0,0.8,0.4,0.0,0.1906699286701953,random_search,25
0.010862632227936996,0.34594717155064264,0.3497675238451817,0.9095916424181509,0.18080467725078087,3.1,2.024845673131659,2.145823803834388,0.162062062545182,4.869179009315581,0.41256898170783846,0.014139095057004758,0.000729229218349572,-0.43349942413862924,0.22408183296036857,-0.41721065437983923,0.2296224499448097,981.6,976.9776751685669,26.2,12.425779653607252,0.524,0.2485155930721451,34.13651066760367,24.494990557861847,0.39064219114175464,0.28642971724056177,79.23044238006153,40.921193308278625,50.0,0.0,1.0,0.0,0.0,0.0,55.048333835099854,27.27341933862325,0.9,0.4,0.0,0.8,0.4,0.0,0.28645117753869015,random_search,39
0.01382649145516571,0.5304696765527546,0.4466855003236072,1.3834302729348953,0.1796408689933508,0.0,0.0,1.4017763585957765,0.1058683231564334,3.1808296696275113,0.26951394789011124,0.02315937365536808,0.0009256088636881738,-0.4889848986318852,0.22943022326037518,-0.40872387758774026,0.27795972526906043,299.2,402.18121951843216,11.7,10.29616973010406,0.23400000000000004,0.2059233946020812,15.764926234831554,18.141498084056202,0.18378351057010328,0.21325769120137258,103.549852568518,71.7009199612431,50.0,0.0,1.0,0.0,0.0,0.0,72.84585093704791,20.99079379093839,0.9,0.4,0.1,0.6,0.4,0.0,0.3997597290080469,random_search,74
0.00954940339891006,0.4876215511635801,1.3154429765250608,1.59525781977095,0.21120227360925523,0.0,0.0,1.4292182915374567,0.10794085876947324,3.243099313395983,0.2747900988534909,0.025493395612485314,0.000780309155408042,-0.4938128308905805,0.2089391055152663,-0.40354615823163825,0.2612611199859344,256.9,325.08612534048405,12.2,10.053191864610296,0.24400000000000005,0.20106383729220592,18.4492474010679,20.229138872359723,0.18275416678269804,0.20238135503475047,111.23039878018929,79.48546434865477,50.0,0.0,1.0,0.0,0.0,0.0,85.72970536093825,23.631870670052972,0.9,0.4,0.0,0.7,0.4,0.0,0.41338164359889673,random_search,41
0.01814536203758602,0.3194005048907714,1.1576732997814334,1.5886255122243886,0.23990854806047981,0.5,0.5270462766947299,1.6302531516946932,0.12312389664161645,3.6992759666091453,0.3134422693600538,0.0330902255971166,0.0013188501037988585,-0.6358626228348643,0.22834728860402695,-0.5685813924775224,0.3007780614416434,684.2,716.5481762511777,22.1,13.008117123977286,0.4419999999999999,0.2601623424795457,47.60537531692445,35.23988470966473,0.41093921793467897,0.3070494988241607,101.20915810759088,109.17937864188765,50.0,0.0,1.0,0.0,0.0,0.0,70.73341369551997,38.991701652216456,1.0,0.7,0.4,0.9,0.6,0.3,0.45018806404928513,random_search,44
0.005507561964184599,0.5383479247561508,0.37882069566453613,1.5342053073484874,0.33621346424168597,4.1,2.4244128727957577,2.3657153051213653,0.17866923698841713,5.368144059698661,0.4548466433732871,0.00883010910507442,0.00048477381121954643,-0.30194129722338153,0.18210523189621936,-0.2913442781851486,0.18183277580218948,868.8,901.3738649663882,23.0,11.015141094572204,0.45999999999999996,0.22030282189144407,45.830441545185494,34.91066596891359,0.28224162550925647,0.21989390579468898,85.33451848924803,27.661062682206886,50.0,0.0,1.0,0.0,0.0,0.0,120.01231199442479,40.0528268586804,0.6,0.3,0.0,0.6,0.2,0.0,0.5031853382271755,random_search,77
0.02476365169850212,0.30013046584408803,0.49637427189678957,1.423678530707367,0.20265714914103067,0.1,0.31622776601683794,1.5366708464172991,0.1160561488685296,3.486924423259775,0.295449572883682,0.03420250823336453,0.0016254673771808246,-0.6841113611803832,0.23294355021410396,-0.6174028452683197,0.316533747364061,780.6,776.0555822018594,22.7,13.19132711712931,0.454,0.26382654234258623,42.41347431281615,30.11422791377095,0.43306717764842056,0.30962194649684865,93.48426132729453,114.99681637384246,50.0,0.0,1.0,0.0,0.0,0.0,57.550456976610484,33.29163511289142,1.0,0.7,0.4,0.9,0.7,0.4,0.6098076604701365,random_search,90
0.00970993126099751,0.4893977186891143,0.34422304227701006,1.5031403209034715,0.30198784175287113,3.2,2.043961295567452,2.168806431649039,0.1637978117990093,4.921329856339481,0.4169877598654473,0.014457647907862914,0.0008411005932779105,-0.49338949613338307,0.22369435169018773,-0.4812957759879475,0.227733335404504,1279.6,1191.0732974926439,30.4,11.305849027040042,0.6079999999999999,0.2261169805408008,69.90839596347016,40.79286052364383,0.47758454812204415,0.28655464863536695,70.87312703336283,38.97879652692614,50.0,0.0,1.0,0.0,0.0,0.0,79.05201323590266,45.61209081889474,0.9,0.5,0.0,0.9,0.5,0.0,0.6612991906081074,random_search,57
0.02187922312745234,0.30071291426681457,1.2860524099449833,1.4644216737358895,0.20095356704636103,0.1,0.31622776601683794,1.4813593756876575,0.11187878304155185,3.36141483958851,0.2848150570791159,0.039504603542786135,0.0014695677134220653,-0.6742302655407314,0.22172869427229944,-0.5922825546111404,0.3105731529672527,602.5,658.7269287547509,20.4,12.553883861180173,0.40800000000000003,0.25107767722360347,37.482971020277716,28.685812991955967,0.38646273651716867,0.2979076894763855,120.06973318744299,156.05621184933284,50.0,0.0,1.0,0.0,0.0,0.0,61.64064072365418,31.806690025497968,1.0,0.7,0.4,0.9,0.7,0.4,0.6700978663597896,random_search,65
0.005798490364600263,0.5635345646303356,0.9894644287351249,1.3919652190818006,0.3228467531882394,5.0,2.4037008503093262,2.5037957519950407,0.1890976803571231,5.681468206962204,0.48139482000299916,0.016100623135480517,0.000640411844951276,-0.42230708346181034,0.20179534487914788,-0.39675060056687783,0.21115983141268446,957.4,861.4450649925392,31.4,10.40512694140089,0.6280000000000001,0.2081025388280178,70.69594832938157,42.13300280396542,0.452122926970042,0.2785285468925864,86.51820742896658,41.69854865346838,50.0,0.0,1.0,0.0,0.0,0.0,88.55345782043355,47.391435849222965,0.9,0.4,0.0,0.8,0.4,0.0,0.6799955548134926,random_search,73
0.018701732140299417,0.4060771271135148,1.3415911859850644,0.9433014059902413,0.10908839848369817,0.0,0.0,1.2484148990550936,0.09428579042299529,2.832830734067597,0.2400277519205885,0.04198051370159311,0.0011659715742089788,-0.6479295728567401,0.20807011466681036,-0.5304046493693341,0.29570168586329365,269.2,321.5081820282512,12.9,9.993887020462948,0.258,0.19987774040925899,12.36783750114911,11.931433773904015,0.23627391507636614,0.22984000295330542,148.64916270754966,183.14254521803204,50.0,0.0,1.0,0.0,0.0,0.0,41.44178735895977,13.667123121703558,1.0,0.7,0.3,0.9,0.5,0.3,0.8406227611153047,random_search,19
0.011567558118231496,0.4161327952685212,0.8722362106222423,1.266179712492256,0.15530139622854394,0.0,0.0,1.3240697643323291,0.09999957898592277,3.004502369596226,0.2545736110320861,0.022172845426160076,0.0006472233564434279,-0.4486812597872077,0.20102417119972285,-0.35529849892869625,0.2504804351861296,165.3,229.77962872669497,7.6,7.974960814950754,0.15200000000000002,0.1594992162990151,8.327953407003623,10.80521460697712,0.11277081345663667,0.14745664118973126,109.58380328047292,69.41361624051947,50.0,0.0,1.0,0.0,0.0,0.0,68.27698339164117,13.334451926937732,0.9,0.4,0.0,0.6,0.3,0.0,0.9204301435166513,random_search,4
0.003551111920128593,0.6297932602233225,1.1603041602290771,1.5348803934188346,0.2876602017206392,2.2,1.2292725943057186,2.0231873507230866,0.15280001759119805,4.590899477604062,0.3889901601429085,0.012149984498991986,0.00037827382048179415,-0.29170118836464826,0.14491589462293447,-0.24441485113763686,0.1622636460994235,334.3,345.0088726717362,15.2,8.804039476916895,0.304,0.17608078953833792,22.024115828883204,19.677721154022937,0.1594350760199798,0.145778800600368,98.83532398420418,31.7139606064339,50.0,0.0,1.0,0.0,0.0,0.0,119.86895215014628,24.52908178997745,0.6,0.1,0.0,0.5,0.0,0.0,0.986109904160548,random_search,5
0.008861477347624127,0.5615388404598018,0.7692391146561346,1.5635383265832286,0.19876592593683737,0.0,0.0,1.3723480310863694,0.10364576627878695,3.114052614432196,0.26385588076818534,0.0206490278339312,0.0006380224271827916,-0.4238608161426997,0.19365688499264247,-0.34038175272967913,0.23507404108726468,167.6,236.03822665925205,7.6,7.618690467819548,0.152,0.15237380935639097,10.396504446012935,13.389172683529388,0.11003737981868089,0.1429271419751392,107.4707643295279,60.216812839161996,50.0,0.0,1.0,0.0,0.0,0.0,87.64801777906776,16.67790844291982,0.9,0.3,0.0,0.6,0.3,0.0,0.9987477563164411,random_search,78
0.024457775596380474,0.5495405765663335,0.5038583597269795,1.5860462999343814,0.17056650185836636,0.0,0.0,1.1609372342377124,0.08767909197850592,2.6343314870410635,0.22320877031017103,0.044810729436518204,0.0017231493558785794,-0.6936677845273584,0.22355329966744314,-0.5924327246346798,0.3127330862435789,329.6,384.4034917172898,12.6,9.67470929795826,0.252,0.1934941859591652,20.32890223066838,18.65149438147047,0.24797240321381273,0.2285831336541471,141.49898855882114,184.69450694031414,50.0,0.0,1.0,0.0,0.0,0.0,63.80579592489496,21.34275364558583,1.0,0.8,0.4,0.9,0.6,0.4,1.1227045629915495,random_search,99
0.012712938820295078,0.6238689547272351,1.2293593438563493,1.0574181376651761,0.11209089653919668,0.0,0.0,1.1443383329987207,0.08642546986565212,2.596666222378523,0.22001736579252015,0.04416243429254929,0.0012396872560832188,-0.6487771950006423,0.1974121601995997,-0.5254397191074143,0.2812541016320257,192.3,240.7479318014314,9.7,7.732327520797919,0.194,0.15464655041595837,9.161614568162687,9.375705732280585,0.17083088239317085,0.17670970574724443,156.5960630042949,177.29810436616074,50.0,0.0,1.0,0.0,0.0,0.0,46.12904123799793,11.25184547115682,1.0,0.7,0.3,0.8,0.5,0.3,1.2442722361193077,random_search,70
0.007724541947021676,0.48029375343666664,0.2539763866166395,1.1048541982526554,0.27276192521109,6.5,2.9533408577782247,2.665076229452743,0.20127829219410687,6.047436519013814,0.5124035739534301,0.010014795460979834,0.0006085746930140481,-0.4214738265417597,0.19680478432682202,-0.4169697188772742,0.19612082330089722,1687.0,1395.2163512038794,35.2,8.954204474869767,0.704,0.17908408949739538,68.0792403536359,32.82428988040216,0.5136777846459675,0.25805967808825125,71.28218121775733,28.500819440345385,50.0,0.0,1.0,0.0,0.0,0.0,66.46501069175042,37.28975690401912,0.9,0.4,0.0,0.9,0.4,0.0,1.2659078376209263,random_search,10
0.0035658502386192717,0.5444215795917711,1.0741375236087103,1.0121729057546822,0.29560565153228346,11.5,2.592724864350674,3.152745278295551,0.23810920615530395,7.154026860623037,0.6061657563525565,0.009879435902030937,0.0003527642444222204,-0.2795569094275658,0.1468860400800825,-0.25863207499148716,0.15381100263955513,991.6,837.8341389824387,33.2,8.350648677398262,0.664,0.16701297354796524,55.32484843651588,29.531956982683315,0.3855184716893761,0.2151387069609914,91.58940205870569,26.222483979135376,50.0,0.0,1.0,0.0,0.0,0.0,90.48744174810214,34.222438868494834,0.6,0.0,0.0,0.5,0.0,0.0,1.3694432234148284,random_search,30
0.0066770442819740865,0.5932991096433408,0.7563988279388909,1.5083030576146246,0.19942430612732337,0.0,0.0,1.4273166666975,0.10779723968798109,3.238784256522364,0.27442448103230294,0.016246459093083986,0.00047137613992585613,-0.3491458411499028,0.16454652924231958,-0.2768499440339819,0.19498261538904318,125.5,176.9634299948878,6.1,6.806043066438988,0.12200000000000003,0.13612086132877976,6.939671601393185,9.056622136769601,0.07330176182296452,0.09668179583111276,104.82656964889506,44.27468299440485,50.0,0.0,1.0,0.0,0.0,0.0,91.42960734903878,12.503658317042623,0.9,0.3,0.0,0.5,0.3,0.0,1.4304352570137082,random_search,85
0.02338248775460145,0.4533087690897065,0.9273498036671033,0.9956455846665666,0.12499810516316232,0.0,0.0,1.3552815193751728,0.10235682816400528,3.075326275187612,0.2605745706506393,0.04967302014095924,0.001561608692426897,-0.7159332222012391,0.20357674299825138,-0.6214446827728066,0.2960567638840331,455.2,485.4436229997373,18.2,10.737266360153727,0.364,0.21474532720307454,21.411857527363498,15.7832363933524,0.3552321089826055,0.2647709296747253,157.3371319084645,232.34215750686872,50.0,0.0,1.0,0.0,0.0,0.0,40.245488629930506,17.871435513883114,1.0,0.9,0.4,0.9,0.7,0.4,1.4710984196740131,random_search,36
0.037939236576509286,0.35546677166533674,0.3478643679681386,1.3643044701464462,0.12034085363781025,0.0,0.0,0.9522097950165618,0.07191507666210001,2.1606992792578668,0.1830775783175777,0.04760325533573006,0.0017388301388537475,-0.7019386593146452,0.22075593856714748,-0.5583449076993036,0.3383264972671637,176.6,239.17878018103713,7.0,7.557189365836423,0.14000000000000004,0.15114378731672845,8.016388965025936,9.643897087631785,0.13962784955964114,0.1693058427980549,175.43183264865786,257.3588474197354,50.0,0.0,1.0,0.0,0.0,0.0,51.34369221320784,11.55234676896887,1.0,0.9,0.4,0.9,0.5,0.4,1.9211185857925857,random_search,54
0.015372412239786082,0.7380690769421424,0.7792484359258053,1.5414657035241206,0.21060284789538047,0.1,0.31622776601683794,1.4748954372431002,0.11139059794703554,3.346747245103118,0.2835722614231406,0.050788648537705136,0.0018595504248224697,-0.7522241621918445,0.19056791459657652,-0.6771694427929723,0.2737590515304193,638.5,575.8734911226404,24.1,10.72328722402272,0.48199999999999993,0.21446574448045438,47.308765777076324,28.390027025632666,0.4637250653170196,0.2816951096542223,126.91814731455545,161.81885157302935,50.0,0.0,1.0,0.0,0.0,0.0,56.574510512972815,31.8203155904734,1.0,0.9,0.5,1.0,0.8,0.5,1.9531284673754867,random_search,84
0.0038227056530355167,0.6285455517175738,1.029448002697632,1.5568907368085936,0.23059782404964607,0.3,0.4830458915396479,1.5989243965832234,0.1207578111031555,3.6281865712430537,0.3074188146050937,0.01199170197180654,0.0003308662331921926,-0.26976686496205704,0.1289046994854938,-0.2121807477043111,0.14921267036636293,117.1,152.9767229933292,6.3,5.677440737985147,0.12600000000000003,0.11354881475970294,5.9296437306878245,7.200669776302213,0.05404267321306174,0.06653812333345162,102.74729102156259,30.549537284540992,50.0,0.0,1.0,0.0,0.0,0.0,107.81647939644854,11.331729433063133,0.6,0.0,0.0,0.5,0.0,0.0,2.0935973185897194,random_search,13
0.014571463481278375,0.3101321337530469,0.29068990200823674,1.1973614734362725,0.24049376032797287,3.2,2.043961295567452,2.168250183130596,0.1637558014615224,4.920067649440143,0.41688081218203565,0.017998867738943942,0.0008528996921035774,-0.6276429680259517,0.18421292140168455,-0.617117427831596,0.19098615116054513,1682.0,1214.3508553955896,37.7,6.498717822257967,0.7540000000000001,0.12997435644515934,76.31955689933696,24.355388849988536,0.6502360858147649,0.22352953258258002,56.13302945860909,37.58684438203662,50.0,0.0,1.0,0.0,0.0,0.0,42.30789757171754,28.362194230467328,1.0,0.7,0.3,1.0,0.7,0.3,2.2934775677285493,random_search,9
0.015156538236802457,0.7288491702727057,0.930894250239545,1.3997144839127271,0.18848628562781206,0.1,0.31622776601683794,1.453687842706928,0.10978890702254665,3.2986242007184465,0.2794947618322486,0.05569505400388477,0.001889806785753377,-0.7624932376366497,0.18465564918470062,-0.6805056031584698,0.2700757551819682,594.1,535.6123079657938,24.0,10.677078252031311,0.47999999999999987,0.21354156504062624,41.6004749680018,24.829108738699375,0.4555654041426139,0.2756364973209569,149.38630330597283,204.79156438047056,50.0,0.0,1.0,0.0,0.0,0.0,51.37344766615937,27.894017285572748,1.0,1.0,0.5,1.0,0.8,0.5,2.4720602366777618,random_search,23
0.028247018940181307,0.33767471316155584,0.5254498409657642,0.9474974485589358,0.15277177032550912,0.9,0.5676462121975466,1.7405877430505519,0.131456850826046,3.9496408266090044,0.33465586104521305,0.041352222074159437,0.0015590985459939639,-0.7551069535730506,0.18243910269910704,-0.6963557462581635,0.2746272566628055,1048.8,891.0267236296688,32.8,11.32156251485535,0.656,0.226431250297107,44.80146383430236,21.462778957449164,0.6033347026020623,0.2960491128995446,84.09606323241215,97.52978235829431,50.0,0.0,1.0,0.0,0.0,0.0,30.555693890025385,23.925800443128786,1.0,0.9,0.5,0.9,0.8,0.4,2.473185117830564,random_search,0
0.02096873191395989,0.6633806007856469,0.7607387249901449,1.263036575080998,0.1211052019827176,0.0,0.0,1.035089087726559,0.07817448579665563,2.3487641668079653,0.19901244926873832,0.05823752617812563,0.001791269472423553,-0.744122806676858,0.18766988001614654,-0.6183837888091712,0.29177678420845155,208.7,247.5699901038088,10.1,7.593125545883958,0.20200000000000004,0.15186251091767916,11.357259215578546,10.30809735669148,0.19542783838232577,0.179081359170367,204.65242056763194,305.0563288609968,50.0,0.0,1.0,0.0,0.0,0.0,48.3798492017897,12.359158984315595,1.0,0.9,0.4,0.9,0.6,0.4,2.518252583277585,random_search,14
0.005645011845065686,0.7082668871057406,0.547382999537022,1.4119709168829189,0.15208949085262077,0.0,0.0,1.162798099961068,0.08781963275203433,2.6385540556895837,0.2235665515386241,0.013366863078946573,0.0003632849580005175,-0.2865818767153808,0.1264809795232337,-0.22122305139353426,0.14969381196607903,26.7,40.66953541794043,1.4,2.065591117977289,0.027999999999999997,0.04131182235954578,1.0738686352363547,1.5766262465590979,0.014894220486453225,0.0220087715443877,105.0168637861374,32.78702342861183,50.0,0.0,1.0,0.0,0.0,0.0,73.94674365441475,4.495135952256888,0.7,0.0,0.0,0.5,0.0,0.0,2.664367715457541,random_search,8
0.004469884748607508,0.5463356777992171,1.1888417962114193,1.5111880271060745,0.1699992908250782,0.0,0.0,1.2143935850561316,0.09171635098098854,2.7556315401276894,0.23348660961065923,0.012725760162985844,0.0003042129421653811,-0.2687016559604707,0.12023410687928769,-0.2038021056603388,0.1417619833065408,26.4,38.48867077177098,1.5,2.068278940998476,0.03,0.041365578819969516,1.1363793313651596,1.5690962278600664,0.0141102896888891,0.019703110855739333,105.62241052964964,31.79991728342547,50.0,0.0,1.0,0.0,0.0,0.0,82.71853276681726,4.926350953045655,0.6,0.0,0.0,0.4,0.0,0.0,2.731310989528509,random_search,53
0.00321793123274638,0.82953527910217,0.34696996274822056,1.1919904301271311,0.19130832903473688,0.9,0.5676462121975466,1.7325747010720238,0.1308516706113513,3.9314580961663217,0.3331152254331203,0.006323322625174305,0.00018803141752847606,-0.15643653759568193,0.07664820654647987,-0.1223899078903871,0.08669768188779026,71.5,82.24658047602952,3.4,1.9550504398153574,0.06800000000000002,0.03910100879630715,1.947224287539419,2.058825098141396,0.02125425735364201,0.022886507541049882,100.41666348955773,15.03329737252969,50.0,0.0,1.0,0.0,0.0,0.0,92.41871710550251,5.736529275784051,0.3,0.0,0.0,0.3,0.0,0.0,3.0165749927022363,random_search,16
0.03630278926871962,0.6447209784217454,0.2599795350645381,0.9306744985585779,0.1298156549751926,0.1,0.31622776601683794,1.5057751088379792,0.11372276672083777,3.416817606181071,0.28950937268204574,0.05088664317332352,0.001988045983582479,-0.823200528893507,0.17122937700752633,-0.7724184665357983,0.25476975188389483,906.8,658.1681311708194,29.6,10.926013810067136,0.592,0.21852027620134273,37.51897684683172,16.87888468526904,0.5933603475227899,0.26916588684638076,75.75284785826392,87.52425762612314,49.9,0.31622776601683783,0.998,0.006324555320336763,0.0020000000000000018,0.006324555320336763,26.51470392108816,18.824364473754137,1.0,0.9,0.7,1.0,0.8,0.7,3.0643773169223607,random_search,56
0.020775663624114874,0.9298080883001623,0.25803620303495856,1.4853547685187234,0.3219546516408722,3.8,2.485513584307633,2.3398896060514134,0.17671876647426374,5.30954188015922,0.44988123924823986,0.042406115633968976,0.0011312202721100214,-0.8561462749724494,0.08569039250958156,-0.8537688790520924,0.08601706172420116,373.3,334.4966533630959,38.7,3.529242915351047,0.774,0.07058485830702094,79.2934472922396,9.804681365287001,0.5019808185826308,0.07947852313460528,35.12343127989929,30.32204606121385,11.8,4.732863826479693,0.236,0.09465727652959385,0.764,0.09465727652959387,8.485807240720371,3.8383499980753175,1.0,1.0,0.6,1.0,1.0,0.6,3.0809737195826816,random_search,75
0.01930490099951904,0.9868885459766579,0.36251745393624724,1.5905692219392473,0.3159076259789454,3.1,2.024845673131659,2.1440672060881685,0.16192939654841848,4.8651930395176795,0.4122312476673582,0.05357182184772835,0.0019168829676153858,-0.8680964750281708,0.10767969992002338,-0.8611674072473393,0.11023692379416825,342.6,452.4150503440152,35.8,5.245103536738918,0.716,0.10490207073477835,71.66745666309029,13.869703120016771,0.46369031660875615,0.10767205286871667,45.13862694265253,42.93801604502168,13.6,7.167829363048326,0.272,0.14335658726096653,0.728,0.14335658726096656,12.385901892697657,8.74496479400297,1.0,1.0,0.7,1.0,1.0,0.7,3.4883022901936034,random_search,98
0.01322211770612999,0.6875512163960237,0.9226787064014134,1.145387028352036,0.2059835640086412,1.3,1.0593499054713802,1.9413827512217174,0.1466217740200414,4.405273221596571,0.3732619161673362,0.04488133721098146,0.001436988305272798,-0.7358662616791077,0.18004645186754822,-0.6950310251475453,0.22236036412512336,1005.6,728.377832355342,36.5,8.959786703810408,0.7300000000000001,0.17919573407620815,68.15366320879833,23.80557204537491,0.6788002311345613,0.24803439686082823,94.76561953113097,99.1162743941045,50.0,0.0,1.0,0.0,0.0,0.0,33.451076256778755,27.38401817717507,1.0,0.9,0.5,1.0,0.8,0.4,3.5170278381299074,random_search,60
0.03827495832489699,0.44689009706359706,0.5409321300889235,1.1652470221920386,0.14462674359591451,0.0,0.0,1.339866302708131,0.10119260312223928,3.040346958952473,0.2576107484431671,0.06401118204442155,0.0022099853801665634,-0.8261258789949192,0.1552300696690374,-0.747544949271322,0.2830676220109971,646.6,582.7527015047731,23.3,10.873515224311472,0.4659999999999999,0.21747030448622942,33.35780487977693,18.32829672566629,0.47526296498926185,0.2642316541112358,157.72906983701336,270.4891872531747,49.3,1.6363916944844774,0.986,0.03272783388968953,0.014000000000000002,0.032727833889689535,37.98168470327073,20.63355151396263,1.0,1.0,0.5,0.9,0.8,0.5,3.532427380384989,random_search,52
0.004148490034350487,0.7354649565906786,0.6309606338604679,1.123345976768885,0.3754296477358269,16.1,2.998147576235848,3.6078285466049826,0.2724790984830157,8.186675437632685,0.6936628007339267,0.012255789729127196,0.00043710208405389604,-0.42740554677251347,0.15542344601059468,-0.42592952861135036,0.1534790881363806,1855.1,1119.5256386325218,45.7,3.7133393177689658,0.9139999999999999,0.07426678635537928,127.59181522199408,28.79101893531556,0.6945339257132792,0.1752188524811008,73.75642011353582,24.92186274877507,50.0,0.0,1.0,0.0,0.0,0.0,57.594957953033806,35.142016190496456,0.9,0.3,0.0,0.9,0.3,0.0,3.5486320274979106,random_search,83
0.01008627839965683,0.5354622481530565,0.5242971690199835,0.841472116256085,0.23350393885680584,9.0,3.1269438398822866,2.9956104733134707,0.2262416937586541,6.797465668280753,0.5759540743092906,0.01933820835110152,0.0007117642596928866,-0.5619639881217762,0.1861489514107576,-0.5573756205784182,0.18305837005696254,1701.9,1064.0906864026622,44.5,4.972144630058766,0.8899999999999999,0.0994428926011753,86.41436834628958,20.659140614125494,0.7567242557463272,0.19790231938401137,67.31939553613441,36.30542536869685,50.0,0.0,1.0,0.0,0.0,0.0,28.765243123762055,24.704638912790475,1.0,0.6,0.0,1.0,0.6,0.0,3.853669184443035,random_search,69
0.03098539739450774,0.4851482839507799,0.6420505463024858,1.5906742864934713,0.22016734947855562,0.1,0.31622776601683794,1.494178600823975,0.11284694737177807,3.390503482299021,0.2872797583520363,0.05970810236851023,0.002100812835049206,-0.8393715444645927,0.15260619516297025,-0.773206146507442,0.27046224562470883,853.0,662.8680109946474,29.4,10.936178491593852,0.588,0.21872356983187705,62.68893837749008,29.809722160883922,0.5847685114645871,0.2803598151840224,104.99471827475932,147.11182293891065,49.5,0.97182531580755,0.99,0.01943650631615102,0.010000000000000009,0.01943650631615102,45.91218287933664,33.020193110495924,1.0,1.0,0.7,0.9,0.8,0.7,3.9157008344246367,random_search,37
0.00475291544050707,0.9843444462395641,1.4108587300923765,1.3317029201983188,0.2708802457789439,3.2,2.043961295567452,2.1958407561100977,0.16583956302473724,4.982674578567651,0.42218554157246757,0.045661750182581465,0.0015054043712702577,-0.729968540198932,0.17316372741966954,-0.6686063049030111,0.23000782429048774,1103.9,811.0372576727492,38.7,8.844960900610772,0.774,0.17689921801221545,94.89065153170856,32.07619966107871,0.718380941713737,0.25382741410304477,100.94685480465029,92.33235390378043,50.0,0.0,1.0,0.0,0.0,0.0,38.72543056300886,36.75621392901179,1.0,0.9,0.5,1.0,0.8,0.3,4.052868209796179,random_search,63
0.021645080226112525,0.7617468438860865,0.5359430667778341,0.9747345846909873,0.3864697176889046,23.3,3.8311588035185618,4.280159498747035,0.3232564925180744,9.71228986768675,0.8229291905466646,0.05825401070497958,0.0018019015111253056,-0.8041966777679473,0.13426494865082642,-0.8041966777679473,0.13426494865082642,227.4,299.4877849484572,40.8,3.190262963734773,0.8160000000000001,0.06380525927469545,87.48597478413123,18.182541572262284,0.45954822678970125,0.09635915446967573,91.87018224201992,123.16775400727414,4.4,4.812021982031624,0.08800000000000001,0.09624043964063247,0.9119999999999999,0.09624043964063246,0.2758527894027973,0.47203642727973,1.0,1.0,0.6,1.0,1.0,0.6,4.123865788824959,random_search,26
0.010720716391844827,0.9524173601522772,0.7312396407074937,1.0590241189380323,0.3702928986644348,17.8,3.5839146815241634,3.774595267890026,0.2850740556118619,8.56509281620893,0.7257263728969252,0.053163480008161124,0.0015005497600750128,-0.803152641359841,0.13316041149539581,-0.8028477930909584,0.13312188702973918,280.5,298.8278025143503,42.7,4.620004810002307,0.8539999999999999,0.09240009620004612,95.03348887820658,18.796527726338507,0.5226362355842026,0.11335732000977163,68.27606869088456,64.379950011051,6.2,5.266244708835067,0.12400000000000003,0.10532489417670134,0.876,0.10532489417670132,0.7335574820734199,1.1358673855568975,1.0,1.0,0.6,1.0,1.0,0.6,4.139039482440617,random_search,62
0.01621577846397919,0.8641842366177885,0.48297318335298756,1.5114312254289846,0.3020241122473375,3.2,2.043961295567452,2.157168575177885,0.16291886963239258,4.894921906934916,0.41475019563254695,0.04838271931265858,0.0012548082875880001,-0.8456475593892634,0.11478986858374533,-0.8376935158271961,0.11581294021542168,667.0,563.6711018946343,41.5,3.4399612400917157,0.8300000000000001,0.06879922480183431,101.36449532966417,14.723179092988087,0.6845398283695593,0.12248117824093216,53.105352652677674,61.55051348960155,23.2,9.065195959149353,0.46399999999999997,0.18130391918298705,0.536,0.18130391918298705,13.169653922765358,7.731161747919507,1.0,1.0,0.6,1.0,1.0,0.6,4.8648296816278505,random_search,51
0.026870638105614138,0.5849540695585319,1.0300230352347728,1.5588775093859957,0.12858483796046125,0.0,0.0,0.8904481366142047,0.0672505642594454,2.020553303555713,0.17120291066307808,0.07718872452304251,0.002161544189128457,-0.8107011738923321,0.1626674267589625,-0.6754010922926282,0.2853043069273002,147.6,180.20247871029227,7.3,5.1650535116083525,0.146,0.10330107023216706,9.006955557450983,8.116247245945972,0.14620426237673614,0.13358540792631732,374.85170703056104,757.2712888325858,50.0,0.0,1.0,0.0,0.0,0.0,54.41960482407552,10.437220596482996,1.0,0.9,0.6,1.0,0.6,0.5,5.178818568236724,random_search,76
0.03798313844124195,0.659483929520849,0.3638446167568209,1.3836175148102698,0.3845433623830278,9.2,3.119829055146024,3.0002685339258774,0.22659349100731843,6.8080354694533955,0.576849661039272,0.0681109407759406,0.0020301319350921744,-0.8771657689450512,0.10939969054547227,-0.8762429389091777,0.10899960696553057,330.2,359.72915737630535,39.3,3.917198545446024,0.786,0.07834397090892048,93.39679052393043,17.54485366011468,0.493891630604437,0.0987660284207006,89.83221872749104,165.4870260926744,6.2,3.6453928305312844,0.12400000000000003,0.0729078566106257,0.876,0.07290785661062567,1.5430433155924468,1.5038675918604536,1.0,1.0,0.7,1.0,1.0,0.7,5.4666164881671975,random_search,82
0.03139609225510709,0.9868400243447835,0.28537976982826974,0.8848781899954106,0.14599876901599862,1.1,0.7378647873726218,1.781133868664746,0.13451907277246605,4.041645744905148,0.3424515028527809,0.06546229808074884,0.0019150351439539426,-0.8966211508647047,0.08924665746763769,-0.8871102544887748,0.0938181318876694,449.1,350.58378298045807,36.8,4.779586221049312,0.736,0.09559172442098622,43.109025170364355,5.84432692323066,0.6016467182135519,0.09951162022498093,53.33153535542815,58.77640956914036,24.2,5.116422361159971,0.484,0.10232844722319943,0.516,0.10232844722319945,10.514893611164567,4.536913323092996,1.0,1.0,0.8,1.0,1.0,0.8,5.574260029471936,random_search,48
0.013878164423517206,0.5849220366686364,1.1137621729499814,1.1378505992107277,0.25661592662880084,4.3,2.5407785333546005,2.434609000656979,0.1838723922404516,5.52447364070935,0.46809255935316757,0.0431371317167108,0.0012224427052946454,-0.7514871537706187,0.16756370163707768,-0.7351625751388527,0.17535273574783386,1379.6,866.3059762257469,44.7,3.9171985454460234,0.8939999999999999,0.07834397090892047,106.69718200062259,16.827192008709687,0.847696202600243,0.15222093368434775,79.23825191795326,84.64492930404184,50.0,0.0,1.0,0.0,0.0,0.0,19.882792927586518,20.942355728360262,1.0,0.9,0.5,1.0,0.9,0.5,6.099204759934776,random_search,86
0.0168027048318469,0.8213519353272634,0.816707996030459,1.3291664941426493,0.36980354316611674,9.3,2.9832867780352594,3.003464767598453,0.22683488464850576,6.815288177657844,0.5774641881356904,0.06933355354589806,0.0020894855493253303,-0.8624620080023393,0.11353261017874665,-0.8592543180851424,0.11495928713419416,288.1,227.62076159944442,43.1,2.64365067451978,0.8620000000000001,0.0528730134903956,106.7667371007404,16.23340565359687,0.5873239742638935,0.0973043851809918,91.09641879735506,132.44287911460236,7.1,4.794672969962487,0.14200000000000004,0.09589345939924973,0.858,0.09589345939924973,2.125479427431689,1.7964608351473386,1.0,1.0,0.7,1.0,1.0,0.7,6.4429348853960615,random_search,93
0.011720914264676134,0.6664189310905407,1.0397646773370246,1.1013597808669187,0.26905079520279196,6.5,2.9533408577782247,2.6371566360503644,0.1991696815597542,5.984082995811876,0.507035585118963,0.04168785335942895,0.0011684991496063576,-0.7520736130089491,0.15871043332538076,-0.7403300291785635,0.15893658718538334,1485.2,866.9009683284988,46.2,2.859681411936962,0.924,0.05719362823873925,117.52065601425257,11.224792254629364,0.8887740093382297,0.10590490409269489,72.30419497190175,68.88923416456474,50.0,0.0,1.0,0.0,0.0,0.0,15.193019861552804,15.222029916432444,1.0,0.9,0.5,1.0,0.9,0.5,6.742325245305085,random_search,96
0.031762836162424285,0.46066820615720755,0.7772419768377965,1.1665092279793916,0.19290579764179022,1.1,0.7378647873726218,1.7852044483739895,0.13482650087642126,4.050882468461192,0.343234136973347,0.06432437636572609,0.0018738573931069314,-0.8495460549211977,0.14144870859803205,-0.8171981178417473,0.1891102203134295,1141.3,850.4601434256373,38.4,6.501281924871946,0.768,0.1300256384974389,72.79919344262694,16.479896744813942,0.7707621415132715,0.18875294239878157,105.93785852982144,171.76299087230626,47.5,4.881939505292269,0.95,0.0976387901058454,0.05,0.09763879010584542,22.35472032095992,19.52416936594783,1.0,1.0,0.7,1.0,0.8,0.7,6.743311844172381,random_search,40
0.028153289361182887,0.3991085544128672,0.45404747258110045,1.3691460299494649,0.25297817101467923,1.9,1.1972189997378646,1.9946382168766643,0.1506438612904048,4.526117437713024,0.38350113207890246,0.04293367434796245,0.0010558267102756891,-0.8631950992031288,0.08609852023368725,-0.8561510231974635,0.09000450105328735,1637.6,840.8595073560809,43.6,2.9888682361946524,0.8720000000000001,0.059777364723893035,109.41630739708872,8.662483229524597,0.8773851826957049,0.0654987344491556,43.89308733164557,55.590149328799846,49.9,0.31622776601683783,0.998,0.006324555320336763,0.0020000000000000018,0.006324555320336763,15.369285362635713,8.39552697952016,1.0,1.0,0.8,1.0,1.0,0.7,6.890054739560061,random_search,66
0.016443181077800198,0.46033220213536874,0.7475944314231586,1.2606701848958048,0.330076633647572,7.8,3.190262963734773,2.8264685565875527,0.21346735141122278,6.4136586338702015,0.5434338327950387,0.03352067298580822,0.0009328848198109783,-0.7547492157712641,0.14041092167009836,-0.751863999667307,0.1401220539512049,1817.7,960.5761060715364,48.0,1.247219128924647,0.96,0.024944382578492935,149.2386620819347,8.902091968694844,0.9190341252855451,0.07667219865632292,54.460628807514276,48.284922623953854,50.0,0.0,1.0,0.0,0.0,0.0,13.577000064921705,13.594340320643505,1.0,0.9,0.4,1.0,0.9,0.4,7.066937463101823,random_search,80
0.014730390804479996,0.40151406013389435,1.1344075032755718,1.151512797892716,0.3748885826726909,15.4,2.7968235951204043,3.5145061195186615,0.2654309778552614,7.974913594812636,0.6757200700005325,0.031925001557908096,0.0008896144832491911,-0.7052583699656385,0.16769252159331538,-0.7037221247665977,0.1675031203268578,1923.1,1119.5043992767514,49.1,1.5951314818673865,0.982,0.031902629637347725,171.77750871619077,12.35732587097516,0.9318803278107183,0.09054719556551173,63.98636334916536,57.284273025600626,50.0,0.0,1.0,0.0,0.0,0.0,13.14237532601506,18.13996565186813,1.0,0.9,0.4,1.0,0.9,0.4,7.2201621765692074,random_search,43
0.03731676727507039,0.6262971310091039,0.5088869508319163,1.5381713957118222,0.38375698328277963,6.7,2.79085809185793,2.693285664598068,0.2034087929531707,6.1114477343003735,0.5178272895034502,0.07843336286805162,0.002224587484553218,-0.9028445911927834,0.09234554173383366,-0.9001905633995987,0.09382193598113939,345.9,245.20759912096258,42.2,3.2930904093942583,0.8440000000000001,0.06586180818788516,100.67324601961937,17.769391304904854,0.5347610794229579,0.10737595920790562,114.6575302896608,240.70971611853335,8.3,5.229191567005787,0.166,0.10458383134011577,0.834,0.10458383134011578,2.7977962864358057,1.857504898855823,1.0,1.0,0.8,1.0,1.0,0.8,7.448451341311631,random_search,31
0.019260167571203624,0.5052149678961758,1.3584482236046667,1.095269077860599,0.2310382645598382,3.7,2.359378449224852,2.277162094252541,0.17198130857008367,5.167204245908035,0.4378208708145956,0.055496381400257956,0.0014595690476161033,-0.8039389466717497,0.14972014567342448,-0.7840450939054813,0.16670516731659213,1312.9,875.8738430212932,44.5,3.9510898637098992,0.89,0.07902179727419797,98.04774921379145,13.309646568976023,0.8644880961043542,0.13605694160986528,100.06414706838373,142.87017163834804,49.9,0.31622776601683783,0.998,0.006324555320336763,0.0020000000000000018,0.006324555320336763,15.915628255305828,16.841108803644804,1.0,1.0,0.5,1.0,0.9,0.5,7.475226176132683,random_search,59
0.024492627111518016,0.6015860979690426,0.33016176238989425,1.0233464984853957,0.21722807630364438,3.7,2.359378449224852,2.2915224015732214,0.17306586221284498,5.1997898229942034,0.4405818698107474,0.0397521825442758,0.0010925418080432766,-0.8383479890701213,0.10058676537304832,-0.8322581981807435,0.10151896505105157,1598.2,909.3008058698483,46.1,1.791957340762082,0.922,0.03583914681524161,98.40193239215267,4.611528255126453,0.9195123992203615,0.05030657468411335,42.45546874830875,39.055322869639,50.0,0.0,1.0,0.0,0.0,0.0,8.749345447249949,5.797068664617554,1.0,1.0,0.6,1.0,1.0,0.6,7.492479653269751,random_search,49
0.008291655111272524,0.7568688579857084,0.8222324085679173,1.1150641210701804,0.3414019412554645,13.3,2.9458068127047605,3.305194361135458,0.24962283218275721,7.4999554838525215,0.6354765332938717,0.030824877949874013,0.0008474064826907732,-0.7134728857964148,0.1351758175947574,-0.7123887869611063,0.13524313390939155,1808.1,1042.9994620218065,49.2,0.7888106377466154,0.984,0.015776212754932326,158.82721516553298,4.751486846939045,0.9446150472136926,0.0462185828004511,57.90666353093818,40.312314006318665,50.0,0.0,1.0,0.0,0.0,0.0,9.574838955875162,8.2495011780466,1.0,1.0,0.3,1.0,1.0,0.3,7.540710449184738,random_search,34
0.03891395357611596,0.49194686719390934,0.4109047683032089,1.4147635718918083,0.22673525845812875,0.9,0.5676462121975466,1.7300794609870334,0.13066321909264017,3.92579604198306,0.332635475577078,0.06216583401565632,0.001563552709587595,-0.9080766970434775,0.07725766811557468,-0.8999270757054776,0.08385113066313797,1232.6,735.3135687884758,40.1,3.3482997343593826,0.8020000000000002,0.06696599468718764,93.92124068336659,6.384396354064874,0.8403360794701207,0.05366837356824283,59.68856170014827,105.4795401393055,44.5,8.449194570424384,0.89,0.16898389140848766,0.11000000000000001,0.16898389140848766,17.593274769168723,6.55235440829616,1.0,1.0,0.9,1.0,1.0,0.9,7.811156151723754,random_search,55
0.033998151949762155,0.764738509116532,0.525153443540977,1.2134435302705515,0.1481055370132549,0.0,0.0,1.3175969581922622,0.0995107241639939,2.9898146530501313,0.2533291104196742,0.08769625096500014,0.0028184197433242524,-0.8982402354392477,0.1055079178213609,-0.8555070936176916,0.17736918842566443,607.3,372.4086912698646,27.0,7.055336829505575,0.5399999999999999,0.1411067365901115,41.70748525100944,13.012330104438693,0.5758798133613088,0.18382491031662831,166.27424261714975,285.61177683440644,43.8,9.750213672872338,0.876,0.19500427345744675,0.124,0.19500427345744675,31.029507659419743,15.361318411076665,1.0,1.0,0.8,1.0,0.9,0.8,7.829952770851125,random_search,92
0.0369409936067803,0.35627140147286207,1.31839463027541,0.9157419178970907,0.1537723233187502,1.1,0.7378647873726218,1.8127417636919767,0.13690624018652453,4.113368548389866,0.34852862672567786,0.07522862732023615,0.0019376158269124224,-0.8671900088444368,0.11337251756713046,-0.8026523920593652,0.22399327185222573,1029.7,783.1754521745999,37.7,8.781925883439362,0.754,0.17563851766878724,56.88757376852734,16.815365891430005,0.7559664836794276,0.2337768372750905,179.7282921949576,356.22981704020174,44.3,9.95601437434791,0.8859999999999999,0.19912028748695823,0.11400000000000002,0.19912028748695823,18.96311023921487,18.856993879560964,1.0,1.0,0.7,1.0,0.9,0.7,7.830627797545583,random_search,28
0.03387790501129075,0.6432229546258663,0.555186073090249,1.5426058512383731,0.3205585157580523,3.5,2.4608038433722332,2.243278546839127,0.16942227386725647,5.090317663919462,0.4313062163364313,0.07727111238147044,0.0022277129253508105,-0.9100468925183722,0.09314315972151069,-0.9042110976886818,0.09748961416036227,527.5,386.9120629347765,42.3,2.869378562220979,0.8460000000000001,0.05738757124441959,98.82111582928422,15.852608070633542,0.6285240187622708,0.11596196448341156,91.57655413544717,171.4553960638059,15.2,5.613475849338902,0.304,0.11226951698677805,0.6960000000000001,0.11226951698677805,7.926685278676513,4.361952505681049,1.0,1.0,0.9,1.0,1.0,0.9,7.897720404106492,random_search,71
0.01860304667733858,0.54298661425723,0.3388147359648488,1.0285218433411154,0.31474882932212445,13.2,3.0840089349921005,3.3035544002481183,0.24949897511517283,7.49623417965482,0.63516122455691,0.029531148947833884,0.0006296193909955473,-0.7691527622313025,0.12492583704004392,-0.7691527622313025,0.12492583704004392,2041.4,1163.428668490968,49.5,0.7071067811865476,0.99,0.014142135623730965,150.4524822792118,4.064539545183337,0.9700070158071366,0.029821158821481605,44.57959118173114,34.92745367110111,50.0,0.0,1.0,0.0,0.0,0.0,4.802491360472667,4.945785366227806,1.0,1.0,0.5,1.0,1.0,0.5,8.08671999273029,random_search,72
0.020084783624251885,0.534491987563886,0.7067983812499937,1.3497387955798694,0.32059789421225915,5.7,3.0203016773531455,2.5641403522642774,0.19365517028971782,5.818398676477669,0.49299703554378965,0.04486914285726466,0.0011939057687879917,-0.8248542926144229,0.12321248292097,-0.8198607539319631,0.12531625320998135,1662.2,949.9578704108702,47.5,1.1785113019775793,0.95,0.02357022603955158,148.2654044673224,5.668236363794458,0.9388886829864852,0.04740428797103422,54.77671972522376,59.98364571233659,50.0,0.0,1.0,0.0,0.0,0.0,9.874715456433831,8.17527107765855,1.0,1.0,0.6,1.0,1.0,0.6,8.187902680595515,random_search,42
0.028956428290056017,0.36443968991808867,0.7655918244123219,1.0529062669746745,0.24353559886733142,4.9,2.4244128727957572,2.4969140981181277,0.18857794755379517,5.665852756827403,0.48007171186737746,0.05027198529914756,0.001245681304201356,-0.8341288043792081,0.12434303386972351,-0.8252196798944024,0.13229165955133346,1639.2,951.4566376526748,46.8,1.751190071541826,0.9359999999999999,0.035023801430836506,111.09816124975832,5.9980034825106445,0.9267691865895819,0.06712946408498278,66.72270250913697,92.68134444477536,49.8,0.4216370213557839,0.9960000000000001,0.008432740427115686,0.0040000000000000036,0.008432740427115688,9.029729229366605,8.777620179017196,1.0,1.0,0.6,1.0,1.0,0.5,8.315583000340864,random_search,94
0.022401055378542548,0.35839150413462695,0.3634776640776609,1.3525160952594937,0.38739030321758183,10.7,2.8303906287138374,3.0919834631015,0.2335202063144312,7.0161496711808695,0.5944833245627071,0.03080111884099827,0.0007538308868620077,-0.8182604850298821,0.09249659133448587,-0.8181056364706079,0.09247605956333285,2363.0,1019.3786778665174,49.4,0.6992058987801011,0.9880000000000001,0.013984117975602034,186.41007795916113,6.6067717049017345,0.9759578849546535,0.01671167857082971,38.046475933044974,36.74750716205325,50.0,0.0,1.0,0.0,0.0,0.0,4.676482851399967,3.2801739094952227,1.0,1.0,0.5,1.0,1.0,0.5,8.365755855246475,random_search,64
0.029821038564076845,0.3240357937810536,1.4770212927395405,0.806796933033511,0.1794885644953873,4.2,2.3944379994757297,2.4016150940677354,0.18138054713009275,5.449605780117724,0.46174895256692383,0.05916262562680626,0.0013291251233205747,-0.8254891109886205,0.13008460222644783,-0.8034202989264848,0.15393568731097085,1396.7,925.0634873107659,45.5,2.5495097567963922,0.9099999999999999,0.05099019513592785,79.42650563293533,6.281468360384107,0.8998350907497954,0.09136520239216493,112.1908152436353,195.60142686573434,49.5,1.0801234497346435,0.99,0.021602468994692883,0.010000000000000009,0.021602468994692887,9.109144194804106,8.754267013196255,1.0,1.0,0.6,1.0,1.0,0.5,8.467948836450166,random_search,27
0.03038573401657982,0.5052268981147416,0.5546813807130091,0.9838571502759337,0.21119534955026956,3.8,2.485513584307633,2.317304812457015,0.17501306341256537,5.258293775490486,0.44553895108894553,0.056651033164496434,0.0014746920459064753,-0.863369868542575,0.11298223422936163,-0.8556946728844238,0.11686919297150294,1522.6,889.4890168580561,46.1,1.9692073983655907,0.9219999999999999,0.0393841479673118,96.93825597890651,4.254877366044547,0.931749604815679,0.049087745431890206,64.82066058632671,88.9705080948717,48.9,2.2827858224351907,0.978,0.04565571644870383,0.02200000000000001,0.04565571644870384,7.23727964484456,5.556295083305872,1.0,1.0,0.7,1.0,1.0,0.7,8.950788471772155,random_search,22
0.029278051616710432,0.31875862574729097,0.41644904190194876,1.3800923809082446,0.3721526409145779,8.2,3.0477678535099897,2.9110107270465564,0.21985234839566753,6.605496827232292,0.5596884186167239,0.04010672162750133,0.0009507340267806908,-0.8608426024764899,0.086019229920888,-0.8598641867890796,0.0860123844469827,2197.0,1023.3567858333237,49.2,0.7888106377466154,0.984,0.015776212754932326,180.2001630228615,6.800195769894822,0.981943023064629,0.012475564503088073,40.91230565559023,54.37781698592407,49.9,0.31622776601683783,0.998,0.006324555320336763,0.0020000000000000018,0.006324555320336763,3.3701731791674803,2.335515658205752,1.0,1.0,0.6,1.0,1.0,0.6,8.956144679263314,random_search,87
0.02630778756981819,0.9491850809676168,0.5398852357580235,1.4393001028960664,0.25544951105581426,1.3,1.0593499054713802,1.9159517952407203,0.14470111624217005,4.347566770196305,0.36837240772112156,0.09479533534133269,0.002995521386997795,-0.9238375659359358,0.08271115939155747,-0.915601627447618,0.09011342422772994,300.7,239.13689710196448,33.9,4.332051092342595,0.6779999999999999,0.08664102184685189,61.25113609177951,11.075540963066926,0.49014908318701966,0.10834332285329108,116.30935407957934,199.3371530334283,12.4,5.853773711604051,0.24800000000000005,0.11707547423208102,0.752,0.11707547423208102,11.49211949141814,5.959833654219305,1.0,1.0,0.9,1.0,1.0,0.8,9.289041832860267,random_search,3
0.02669886766280547,0.951755544728232,0.5772512776130414,1.3504787308654778,0.14471579570660878,0.0,0.0,1.156802043137562,0.08736678413780093,2.6249481510614823,0.22241371361525156,0.10032236664032872,0.003240296931624578,-0.9112958915960041,0.09272452641020167,-0.846207314512067,0.19377929051072418,444.5,294.01558915585866,21.3,6.992853494818835,0.426,0.13985706989637672,32.96046375884477,11.914332414945802,0.4660580740624759,0.17027154688008725,237.7813226137768,377.88769806677846,44.0,9.695359714832659,0.8800000000000001,0.19390719429665315,0.12,0.19390719429665315,37.83865691868697,14.262147915970395,1.0,1.0,0.9,1.0,0.9,0.8,9.469377300124055,random_search,21
0.031099652852151674,0.36190976009318815,1.203939679507922,0.9916948431889507,0.22563513697687618,4.4,2.547329756605707,2.4561762911817064,0.1855012489898747,5.573412886384209,0.47223921625672344,0.062525806337332,0.0014294073277906813,-0.851527560233718,0.11779481555293536,-0.8353457219543641,0.13706635163548284,1455.2,872.3513308549741,46.6,1.837873166945363,0.932,0.03675746333890724,103.14390362609045,5.341833562004845,0.9285954269001147,0.06488168800970506,99.54729334831288,171.54719601153798,48.4,3.5023801430836525,0.968,0.07004760286167305,0.031999999999999994,0.07004760286167303,8.154290802110513,7.836386516250837,1.0,1.0,0.6,1.0,1.0,0.6,9.469553672084865,random_search,33
0.03824802738636097,0.4138127958601622,0.51607461005961,1.0732096334232608,0.2217838108135421,3.3,2.110818693198342,2.2308796299167266,0.16848585306412237,5.062182760248006,0.4289223260469238,0.06120558850653899,0.0015377390785730625,-0.8834404867686784,0.1080892368638222,-0.8767862451407342,0.11286218552171445,1531.8,871.5755592922254,46.0,1.9436506316151,0.9199999999999999,0.038873012632301994,101.78292177535958,4.598254716874949,0.9316559881458224,0.05086104398800908,66.56991137379107,105.78047783090264,46.6,6.131883886702357,0.932,0.12263767773404713,0.068,0.12263767773404713,7.615539596511214,6.053771503382465,1.0,1.0,0.9,1.0,1.0,0.8,9.472397206381574,random_search,45
0.02197990684349268,0.4714752207481575,1.2803019951217642,0.9710103707000765,0.322440115670413,16.0,2.943920288775949,3.5847267675849563,0.27073435040549015,8.13425421959924,0.6892211138494299,0.057125640606316266,0.0012868933177328065,-0.8169929530891228,0.1344549585489884,-0.8146388004218915,0.13467065276958462,1726.1,1025.5872518275132,49.9,0.31622776601683794,0.998,0.006324555320336764,157.01675986647024,5.145825748537253,0.9877070659387005,0.015348650162891884,93.64940999381433,145.99676087407965,49.7,0.6749485577105528,0.994,0.013498971154211068,0.006000000000000005,0.013498971154211068,2.0320653680140692,2.586738840329472,1.0,1.0,0.6,1.0,1.0,0.6,10.181802031333552,random_search,2
0.021717235111161453,0.8290172244770033,0.8612796285165757,1.460582072268811,0.26214044213000365,1.3,1.0593499054713802,1.9374875513738121,0.14632759137547904,4.396434459857316,0.37251300163300827,0.09363099362718821,0.0028519976619616467,-0.9113621193819131,0.09073767505940097,-0.8967154849465901,0.10588596369130099,475.2,496.7977008356173,39.7,4.24394994210713,0.794,0.08487899884214259,82.91176146416254,13.208355477701522,0.6455042607510418,0.12847553664575928,157.6975701653202,301.58325775305775,16.3,7.717944458640957,0.326,0.15435888917281915,0.6739999999999999,0.15435888917281915,12.948835323342356,7.611392863640226,1.0,1.0,0.9,1.0,1.0,0.8,10.392796908549725,random_search,50
0.03483971191215139,0.3754470697947573,0.9520935360077083,1.446663525466662,0.33226813509240166,4.7,2.3118054512532935,2.479430966589333,0.1872575444758527,5.626181048038921,0.4767102999196632,0.06646188830195164,0.0015678686018532513,-0.88517095120845,0.10577954891600765,-0.8791349814347191,0.1095757864348274,1565.7,884.6651657862175,47.6,1.1737877907772671,0.952,0.02347575581554534,157.2433948324553,5.181050032853111,0.9601546123451593,0.02819790865753001,85.88906635245748,160.09726333459278,44.9,8.99938269487907,0.898,0.1799876538975814,0.10200000000000001,0.17998765389758145,6.653250866909876,5.119218042397117,1.0,1.0,0.9,1.0,1.0,0.9,10.68251174895368,random_search,47
0.020767715275153004,0.6702735229012752,1.227254092019367,1.4944357180355214,0.3012323516922277,3.2,2.043961295567452,2.175981667850139,0.16433971723221472,4.937611486469059,0.41836731390325355,0.08244314954181844,0.0022248335035461525,-0.8942895832455566,0.10397376281412028,-0.8838322788549087,0.1104187161265582,1082.2,757.1421120092172,44.9,2.766867462592951,0.898,0.05533734925185902,124.92627896695653,19.597171466647506,0.8430695102082721,0.13953596559422046,122.29997770873233,206.22888216396544,29.1,14.471811681103832,0.5820000000000001,0.28943623362207666,0.418,0.2894362336220766,10.408585388233494,6.999714385544637,1.0,1.0,0.8,1.0,1.0,0.7,10.95986077582145,random_search,79
0.013281015741060328,0.857930487228425,1.3315271410546705,1.039550316509966,0.2581126252090891,6.6,2.8751811537130436,2.680369033301837,0.20243327208083153,6.082138063177192,0.5153438603367778,0.0876467231576989,0.0026488801810805747,-0.881084073489062,0.11241020004474492,-0.8621343328429252,0.12640039313295542,678.2,811.211686306355,47.1,1.7288403306519922,0.942,0.03457680661303982,97.95673263081783,14.957766606911884,0.773652528250452,0.1416509593789811,179.3820061895712,319.0085815770876,9.8,4.5166359162544865,0.196,0.09033271832508973,0.8039999999999999,0.09033271832508973,3.337986319749754,2.9102911292247526,1.0,1.0,0.7,1.0,1.0,0.7,11.210712898365548,random_search,7
0.023044493881155193,0.5674405593018893,1.223873736507354,0.9227297680714415,0.31613853603676045,17.3,3.2676869155073254,3.698569339661765,0.2793322427409414,8.392579186137674,0.7111091709922405,0.0719926893427397,0.0016976491943379213,-0.8441095628268572,0.13053588595339316,-0.8414984013723907,0.13136895793858483,1478.0,1011.4647244906215,49.8,0.4216370213557839,0.9960000000000001,0.008432740427115686,146.10509574299923,14.762597778307278,0.9396104777769547,0.10921867060671607,137.12142423643317,255.48257178744865,38.3,10.739853092312037,0.766,0.21479706184624076,0.23400000000000004,0.21479706184624076,0.647939221285611,0.8825807345701209,1.0,1.0,0.6,1.0,1.0,0.6,11.219449555558958,random_search,61
0.021070201754519284,0.7271013798112126,1.1798488841495707,1.1438642563473973,0.1908406398167153,1.1,0.7378647873726218,1.8010560703768728,0.13602368517080893,4.086852050391508,0.34628186509364306,0.09201319858573961,0.0026400292111202913,-0.8913809384708541,0.10412179042107182,-0.8702393039002445,0.12571966841533352,800.8,552.2841056316335,40.1,3.4464152068167553,0.8019999999999999,0.06892830413633512,73.19875094060912,6.845511681378702,0.7805605386750344,0.09567683337716952,233.9516265314794,498.74597054181487,35.0,14.772346537440226,0.7,0.29544693074880446,0.3,0.29544693074880446,15.654960295890788,9.299025909150304,1.0,1.0,0.7,1.0,1.0,0.7,11.255846386453232,random_search,15
0.018810054537469152,0.8845716431159987,1.0206140642627373,1.01286712960902,0.343306633395425,16.9,3.178049716414141,3.6589845571812654,0.27634262566113765,8.30275569196357,0.7034983627935789,0.10501274048529882,0.0030988017362917042,-0.9141782545510413,0.07969529285380995,-0.8966891303834019,0.10115877990090263,180.3,185.15281976428733,40.5,3.92286743197994,0.8099999999999999,0.0784573486395988,76.29596762424703,14.221601155551234,0.4510455082318236,0.08389786866279826,253.14375571863366,535.0562193797604,1.3,1.3374935098492586,0.026000000000000002,0.026749870196985173,0.974,0.026749870196985173,0.07072608764716506,0.18624827289895668,1.0,1.0,0.9,1.0,1.0,0.8,11.657253325867657,random_search,11
0.01998355908530995,0.7840978361207882,1.227486346366549,1.2919050065932494,0.3884172684311298,12.4,2.590581230363393,3.245628492678242,0.24512415550565939,7.36479206743163,0.6240240414117215,0.10285538930239783,0.0029714102467603516,-0.9047045644274538,0.09467484208473502,-0.8892817758076452,0.11207985722233399,307.2,262.64881496020496,42.8,5.902918298980975,0.8560000000000001,0.11805836597961951,97.41256246912596,21.479739518374878,0.5114554669669772,0.12492786412196495,283.8053394949054,621.423392203149,5.8,7.539525478731697,0.11600000000000002,0.150790509574634,0.884,0.15079050957463397,0.624754695440625,0.91713220996305,1.0,1.0,0.8,1.0,1.0,0.7,11.661926943200848,random_search,35
0.013979329556196771,0.9911980390804693,1.1090758689396085,1.3035680424105016,0.3803642573252225,11.3,2.6267851073127395,3.1499006318943104,0.23789436593302046,7.147571953877619,0.6056188275380928,0.10816370834037381,0.0033448368322457765,-0.9191758851095141,0.0858885050727504,-0.8996668439281492,0.10812704245345876,248.1,213.18403630040717,37.8,6.390965845976995,0.756,0.1278193169195399,75.45017407815969,15.387127202559165,0.4039715044118034,0.08899863561420228,217.9250495275074,374.6517878400747,3.1,4.2282121254470875,0.062,0.08456424250894175,0.9380000000000001,0.08456424250894173,0.5010464957632685,0.9137965044040711,1.0,1.0,0.9,1.0,1.0,0.8,11.961662782550533,random_search,97
0.02369223805394562,0.6001643773464136,1.3232467769491927,0.9286651004231956,0.20810610981754224,4.3,2.5407785333546005,2.419115281244385,0.18270223832566396,5.489316190593817,0.46511364373600533,0.08319255198745355,0.0020885108527383036,-0.8776628784730182,0.1117362175287043,-0.8654749031718758,0.11810731957955627,1244.6,807.972524285325,46.6,1.6465452046971292,0.932,0.03293090409394256,94.06739403569796,7.822912647257095,0.9171367454031211,0.07617804466431964,165.30919469291865,312.0179553595173,35.6,12.894443247642245,0.712,0.25788886495284485,0.288,0.25788886495284485,5.308990440818715,3.5745420471555613,1.0,1.0,0.7,1.0,1.0,0.7,12.16870762941369,random_search,20
0.021481009761211638,0.8311672247027073,0.9576113579083986,1.1499522892458074,0.21884633332522704,2.3,1.2516655570345725,2.0544250946954046,0.15515922956767342,4.661782355767962,0.3949961165492455,0.10098317818068733,0.0029839282132510794,-0.91543406549442,0.0905394513211106,-0.9009659691232562,0.10269161971624435,528.1,492.83566113755296,42.8,3.7653389990514508,0.8560000000000001,0.07530677998102901,76.40814970815588,12.7284320646528,0.7110462972635784,0.13460853811120937,177.97155560116659,313.9813228513594,14.1,7.14065045278712,0.282,0.14281300905574237,0.718,0.14281300905574235,8.152209448187104,5.10355566188638,1.0,1.0,0.9,1.0,1.0,0.8,12.714409057832546,random_search,12
0.03618337005921261,0.5400302202853539,1.1767872301199043,1.174621330419079,0.3513155841443343,12.2,2.3475755815545343,3.2287200527354427,0.24384715566687729,7.326424415482464,0.6207731231224367,0.1033873106241681,0.002493056002473944,-0.9029758820626423,0.09526999459648397,-0.8939301239754112,0.10450106854311811,464.3,426.50623285793455,46.1,4.605552204797066,0.9219999999999999,0.09211104409594133,113.633961508427,23.09419780156895,0.6591666420457977,0.14985947319671727,397.21405310666484,1026.3463680115813,6.8,5.072803301265813,0.13599999999999998,0.10145606602531629,0.8640000000000001,0.10145606602531626,0.6281625378999504,0.8768567758578854,1.0,1.0,0.8,1.0,1.0,0.7,13.134255974737783,random_search,95
0.024790247311577043,0.6665940944315483,1.425584528807946,1.4309537437145572,0.3697370122854656,7.7,2.9832867780352594,2.789319038805076,0.21066165624481217,6.329361101207267,0.536291243224047,0.10695401595499239,0.0028890404349711557,-0.9103727930081476,0.09075388266417529,-0.900645739713628,0.09939067798779516,333.8,227.84097768204717,45.2,3.552776691859794,0.9039999999999999,0.07105553383719586,113.49068520069304,15.336160170338772,0.6254276575100116,0.10413536623551013,363.04018213814385,898.9072640166014,6.9,6.756889488185785,0.138,0.13513778976371568,0.8619999999999999,0.13513778976371568,2.0791036520062876,1.7546474253770643,1.0,1.0,0.8,1.0,1.0,0.8,13.553654946685453,random_search,67
0.03693353518426129,0.9052831757656423,0.522678591562485,1.4929019445905944,0.3192255809113762,3.8,2.485513584307633,2.3083266258980624,0.17433499122925758,5.237920994903162,0.4438127509789499,0.11963621266149241,0.0031855700137355626,-0.9541720837509373,0.050855370006543096,-0.94912393352787,0.05555970118344095,149.2,127.23015016540344,32.7,4.029061098237818,0.6540000000000001,0.08058122196475635,55.843158914416776,6.718742763396983,0.3553569366178107,0.046021899576131294,161.77917514069685,324.61561667104866,4.9,2.282785822435191,0.098,0.04565571644870382,0.9019999999999999,0.04565571644870382,4.54871548090051,1.9920370678117818,1.0,1.0,1.0,1.0,1.0,1.0,14.43176622048749,random_search,6
0.019427161262669183,0.9290993207104117,1.0145846829193566,1.3453774251397501,0.31379366850788326,5.3,2.7908580918579307,2.5178560618444794,0.1901595768698529,5.7133730471736985,0.4840981396822358,0.11936043816479647,0.003991210690363651,-0.9330036328986318,0.0750655879939719,-0.9160954904941464,0.09549606808808679,257.2,182.67201938629427,37.8,4.315347288715269,0.756,0.08630694577430537,71.94090874522543,12.604434341460765,0.46763663922946497,0.09429656600769776,318.9069466984123,699.196148013373,6.7,4.808557187163549,0.13399999999999998,0.09617114374327097,0.8659999999999999,0.09617114374327097,3.818641272833181,2.5440996737999675,1.0,1.0,0.9,1.0,1.0,0.9,14.85877850376781,random_search,58
0.013789702486521803,0.9857274332981341,1.2734722009042083,0.8796529756953102,0.12613208172920598,0.1,0.31622776601683794,1.5479076486675694,0.11690480165439066,3.5124223236703664,0.29761002802159336,0.11917265141782643,0.003953260459294607,-0.9269975460644982,0.07756813850883622,-0.8559234836790355,0.16747441089174814,520.8,355.95842453859694,34.1,6.640783086353597,0.682,0.1328156617270719,40.722932922949454,9.839107681414303,0.658849021143664,0.16727822223122582,483.4013543580366,924.8916870932534,34.2,15.164285527368428,0.6839999999999999,0.3032857105473686,0.316,0.3032857105473685,18.13181880339901,12.200552097289227,1.0,1.0,0.9,1.0,1.0,0.7,15.356939532577083,random_search,68
0.03304749674626362,0.9463414986189393,0.5957179972463829,1.4558036492744018,0.3669678079333558,6.9,2.960855732160327,2.721172183292721,0.20551490563995534,6.17472620629246,0.5231889191958187,0.1289136988215245,0.004121085396529805,-0.9497848335650756,0.06032088398990893,-0.9422258122720008,0.06869941827654867,112.0,76.71013260609347,27.0,5.033222956847166,0.54,0.10066445913694333,53.01419918365442,12.450970492390114,0.2943292545887401,0.07525683034124704,206.89920566728924,381.6347657510316,1.9,1.728840330651992,0.038000000000000006,0.03457680661303984,0.9620000000000001,0.03457680661303983,1.6458070163805132,1.6029054373180625,1.0,1.0,1.0,1.0,1.0,1.0,16.49898155689796,random_search,1
0.03854048794987613,0.680437931020074,1.0992801855118968,1.3506073987941485,0.1456893378248005,0.0,0.0,1.164473215810507,0.08794614487715711,2.6423551314897886,0.22388861937989357,0.1430296087430784,0.004002084250799976,-0.9482132514379076,0.05828129126333933,-0.8787087209111766,0.15948748859268017,256.2,198.53451980840902,22.0,5.055250296034367,0.44000000000000006,0.10110500592068734,30.603686758597924,10.419935577968861,0.42921777949581214,0.15112650072360037,1484.6811714204105,3990.7188583697866,35.6,9.57078889120432,0.712,0.19141577782408636,0.28800000000000003,0.19141577782408636,36.027800157267045,11.980064716834756,1.0,1.0,1.0,1.0,1.0,0.8,20.351402384306866,random_search,24
0.03411042000052535,0.9653331035750587,0.6485932234179789,1.518214631141006,0.20125871518310268,0.1,0.31622776601683794,1.4310420069797352,0.10807859379018797,3.2472375827798166,0.2751407373456176,0.14786869463992725,0.004938817567595632,-0.9619647560469529,0.04834345062328115,-0.9441618110419817,0.07483817587550208,143.1,70.24314913213956,29.6,4.948624949305503,0.592,0.09897249898611005,42.84033594603184,8.654074610508166,0.43325714100423907,0.09226348305261489,670.9647171597676,1633.277022307947,19.6,6.552353266829661,0.392,0.13104706533659322,0.6079999999999999,0.13104706533659322,24.7343502888967,8.922020850886335,1.0,1.0,1.0,1.0,1.0,0.9,22.42438729612863,random_search,17
0.0193285475455872,0.9444191109564537,1.2375829728506424,1.4875856701253474,0.24050701417984088,0.9,0.5676462121975466,1.7453262452234655,0.1318147233755744,3.960393161108564,0.33556691395310123,0.14769529650110566,0.005036334443325596,-0.9518620632232265,0.05798081481056154,-0.9219284921729317,0.09373356092078258,169.2,90.0663952623594,35.6,4.765617600176404,0.712,0.09531235200352808,60.4175051101311,14.349550199601019,0.5133694231782931,0.13627029176516306,1060.640674778637,2736.9742725174833,13.9,6.261877602693231,0.27799999999999997,0.1252375520538646,0.722,0.12523755205386464,16.04583815913157,7.304767743334561,1.0,1.0,1.0,1.0,1.0,0.9,22.940002970091523,random_search,38
0.0320329185120713,0.926796839628466,0.8259179075903719,0.8307869457617763,0.19459157806376143,5.6,2.7968235951204043,2.52851325763277,0.19096445522347733,5.737555738193242,0.48614715619812077,0.16152574527695382,0.005406814346981194,-0.9660193895467989,0.04250650569038326,-0.9392519252415156,0.07590885272643369,137.3,92.3303850311478,37.3,6.79950978625175,0.746,0.135990195725035,42.44300180725628,8.533573837260992,0.44331090577273297,0.09270425053450325,920.0502530931826,2246.4277544641054,3.5,2.798809270624444,0.07,0.05597618541248889,0.9299999999999999,0.05597618541248885,1.622158268443373,0.8607466011960493,1.0,1.0,1.0,1.0,1.0,1.0,27.545999417810137,random_search,29
0.03419325552277059,0.7218707660279247,1.4833186711817248,1.4110833859907408,0.12791332832554575,0.0,0.0,0.9785746920198928,0.07390626977847611,2.2205249754972276,0.18814665187807192,0.17232129726791556,0.005016650408939069,-0.9596047165380182,0.05203864694882098,-0.8803867167722034,0.15716875639594896,118.3,96.98000939483467,15.2,4.391911757866828,0.30400000000000005,0.08783823515733655,18.31912662194789,5.56331106153657,0.2933561085708652,0.09559368351188353,6556.970196385162,19272.238663812223,40.0,7.84573486395988,0.8,0.15691469727919757,0.2,0.1569146972791976,41.043093819170274,8.749657692400923,1.0,1.0,1.0,1.0,1.0,0.8,30.303476786320992,random_search,91
0.033048148089002326,0.8591905186413797,1.0691064712638487,0.9829627638204843,0.14130233942268053,0.2,0.42163702135578396,1.5518264311316263,0.11720076536196808,3.521314597715404,0.29836347669144286,0.18046382423426582,0.005853766236152649,-0.9710711076920496,0.03621462672648992,-0.9357823304057012,0.09046063621103484,171.3,79.46354859654555,32.9,3.446415206816755,0.658,0.06892830413633509,37.47579189822898,7.347811224397447,0.5410519470055486,0.11621971866545143,3256.03945599495,9147.873730001875,17.4,7.441624673267107,0.348,0.14883249346534214,0.6519999999999999,0.14883249346534214,13.74674669069309,5.312264080592299,1.0,1.0,1.0,1.0,1.0,0.9,34.76188372632148,random_search,18
0.026684502758720696,0.8971921385161625,1.3501952062586193,1.0192303859556209,0.35620574057521637,17.8,3.5839146815241634,3.772762011186225,0.2849355999930632,8.560932896347438,0.7253738999445118,0.1967143834279837,0.006725401226880764,-0.9747743068504718,0.03240482349644389,-0.9457532413581312,0.07362294254777509,62.4,36.845623892125914,33.9,4.954235000930461,0.678,0.0990847000186092,52.19066835728806,11.643848392404134,0.29850751715748025,0.07161631813874535,5951.548355786117,17330.934964785476,0.1,0.31622776601683794,0.002,0.006324555320336759,0.998,0.006324555320336764,0.00014719681405548114,0.0004654771967356069,1.0,1.0,1.0,1.0,1.0,0.9,41.085192101059185,random_search,89
0.03508000497674002,0.7950419247254668,1.4773183245679125,1.4823244043495536,0.3081257991770502,3.5,2.4608038433722332,2.243962852668497,0.16947395565674972,5.091870451046891,0.43143778508811326,0.21514776309818467,0.006846635327602836,-0.9828264570914346,0.022179568493307145,-0.9608427519597462,0.051836343936209645,84.9,59.364130584048816,34.8,6.679986693266853,0.696,0.13359973386533702,56.94230447024277,12.93992019488843,0.3762424548908907,0.09247919857808592,10208.681746220042,30757.978362933136,3.1,1.3703203194062976,0.062,0.027406406388125953,0.9380000000000001,0.027406406388125935,4.511207323941994,1.8613236195418215,1.0,1.0,1.0,1.0,1.0,1.0,49.86475596529329,random_search,88
0.036279952969644924,0.980756838970519,0.8877652869690038,1.3573954218836135,0.28828569237755775,3.7,2.359378449224852,2.292701777231848,0.17315493385582476,5.202465993885224,0.44080862366335194,0.22206213422339607,0.008289389673543406,-0.9862862973087007,0.019418909925045493,-0.9721166282689901,0.039507075870709764,51.4,27.236413534498666,27.7,5.012207320355197,0.554,0.10024414640710394,42.885121537363716,8.701016332978394,0.3026821846529116,0.06635426619524454,3607.725429519105,10020.557839232375,2.3,1.1595018087284057,0.046000000000000006,0.023190036174568118,0.9540000000000001,0.0231900361745681,3.5893706680615436,2.045722723603736,1.0,1.0,1.0,1.0,1.0,1.0,52.89705220737635,random_search,46
0.03850138950694988,0.9113816514052826,1.2347198007536877,1.5205278059362448,0.3088151003572376,3.2,2.043961295567452,2.192476870790853,0.1655855075929592,4.97504144496323,0.4215387807628135,0.27614374702698424,0.010210160961531408,-0.9925466090068914,0.01059061680540002,-0.9764923783056044,0.03497528897692837,43.1,12.810152223919902,26.6,4.477102237434884,0.532,0.08954204474869769,43.80593189330695,7.989242698961524,0.2885265458245606,0.05662144559005806,39350.36747971612,119912.15171905381,2.5,1.0801234497346435,0.05,0.02160246899469287,0.95,0.021602468994692852,4.545195120662816,1.9005709674984004,1.0,1.0,1.0,1.0,1.0,1.0,83.85965651412091,random_search,81
